day,hour,intersection_id,intersection_name,traffic_volume_vph,avg_speed_kmph,avg_wait_time_s,queue_length,time_period
1,0,0,Anna Salai & Nungambakkam High Rd,568,45.5,32.2,14,off-peak
1,0,1,Kathipara Junction,709,40.0,28.9,17,off-peak
1,0,2,Koyambedu Junction,621,46.6,31.0,15,off-peak
1,0,3,Vadapalani Signal,452,53.6,26.5,11,off-peak
1,0,4,T.Nagar Pondy Bazaar,597,51.4,32.2,14,off-peak
1,0,5,Guindy Industrial Estate,399,53.1,15.2,9,off-peak
1,0,6,Adyar Signal,494,50.0,23.8,12,off-peak
1,0,7,Tambaram Signal,374,56.2,17.9,9,off-peak
1,0,8,Chromepet Junction,370,51.5,21.2,9,off-peak
1,0,9,Velachery Signal,527,50.7,28.5,13,off-peak
1,0,10,Perambur Signal,488,49.0,21.8,12,off-peak
1,0,11,Royapuram Signal,325,55.3,21.9,8,off-peak
1,1,0,Anna Salai & Nungambakkam High Rd,549,46.5,23.3,13,off-peak
1,1,1,Kathipara Junction,694,48.3,37.4,17,off-peak
1,1,2,Koyambedu Junction,582,49.1,29.7,14,off-peak
1,1,3,Vadapalani Signal,494,52.7,25.8,12,off-peak
1,1,4,T.Nagar Pondy Bazaar,626,47.7,32.7,15,off-peak
1,1,5,Guindy Industrial Estate,450,46.6,20.9,11,off-peak
1,1,6,Adyar Signal,444,49.2,20.8,11,off-peak
1,1,7,Tambaram Signal,443,48.5,27.0,11,off-peak
1,1,8,Chromepet Junction,332,52.4,17.4,8,off-peak
1,1,9,Velachery Signal,537,51.4,30.8,13,off-peak
1,1,10,Perambur Signal,405,50.5,24.5,10,off-peak
1,1,11,Royapuram Signal,342,49.3,11.4,8,off-peak
1,2,0,Anna Salai & Nungambakkam High Rd,514,51.2,26.4,12,off-peak
1,2,1,Kathipara Junction,696,44.8,35.6,17,off-peak
1,2,2,Koyambedu Junction,645,46.2,34.5,16,off-peak
1,2,3,Vadapalani Signal,460,49.7,21.1,11,off-peak
1,2,4,T.Nagar Pondy Bazaar,537,50.7,24.5,13,off-peak
1,2,5,Guindy Industrial Estate,429,52.9,23.7,10,off-peak
1,2,6,Adyar Signal,486,50.0,22.2,12,off-peak
1,2,7,Tambaram Signal,393,47.1,12.4,9,off-peak
1,2,8,Chromepet Junction,343,50.1,19.1,8,off-peak
1,2,9,Velachery Signal,475,49.4,30.2,11,off-peak
1,2,10,Perambur Signal,405,54.1,15.6,10,off-peak
1,2,11,Royapuram Signal,342,50.3,15.4,8,off-peak
1,3,0,Anna Salai & Nungambakkam High Rd,592,43.0,31.8,14,off-peak
1,3,1,Kathipara Junction,672,44.8,26.4,16,off-peak
1,3,2,Koyambedu Junction,618,46.1,32.1,15,off-peak
1,3,3,Vadapalani Signal,486,55.1,23.1,12,off-peak
1,3,4,T.Nagar Pondy Bazaar,545,49.6,28.3,13,off-peak
1,3,5,Guindy Industrial Estate,475,53.0,25.5,11,off-peak
1,3,6,Adyar Signal,516,46.1,22.6,12,off-peak
1,3,7,Tambaram Signal,366,51.5,11.4,9,off-peak
1,3,8,Chromepet Junction,403,51.3,12.8,10,off-peak
1,3,9,Velachery Signal,471,51.5,27.7,11,off-peak
1,3,10,Perambur Signal,483,59.1,26.2,12,off-peak
1,3,11,Royapuram Signal,320,47.2,17.3,8,off-peak
1,4,0,Anna Salai & Nungambakkam High Rd,518,48.4,22.8,12,off-peak
1,4,1,Kathipara Junction,652,50.2,33.4,16,off-peak
1,4,2,Koyambedu Junction,607,44.8,22.0,15,off-peak
1,4,3,Vadapalani Signal,467,50.5,32.2,11,off-peak
1,4,4,T.Nagar Pondy Bazaar,600,50.9,27.5,15,off-peak
1,4,5,Guindy Industrial Estate,388,49.3,15.8,9,off-peak
1,4,6,Adyar Signal,540,46.7,31.2,13,off-peak
1,4,7,Tambaram Signal,367,55.5,20.3,9,off-peak
1,4,8,Chromepet Junction,379,52.3,15.7,9,off-peak
1,4,9,Velachery Signal,531,48.0,20.4,13,off-peak
1,4,10,Perambur Signal,374,53.0,26.6,9,off-peak
1,4,11,Royapuram Signal,352,52.6,19.0,8,off-peak
1,5,0,Anna Salai & Nungambakkam High Rd,612,48.4,28.5,15,off-peak
1,5,1,Kathipara Junction,718,46.9,43.6,17,off-peak
1,5,2,Koyambedu Junction,624,43.8,24.4,15,off-peak
1,5,3,Vadapalani Signal,550,54.2,26.6,13,off-peak
1,5,4,T.Nagar Pondy Bazaar,575,52.9,23.2,14,off-peak
1,5,5,Guindy Industrial Estate,398,54.0,17.9,9,off-peak
1,5,6,Adyar Signal,461,50.3,24.7,11,off-peak
1,5,7,Tambaram Signal,440,51.5,25.2,11,off-peak
1,5,8,Chromepet Junction,321,53.4,11.8,8,off-peak
1,5,9,Velachery Signal,462,48.1,21.4,11,off-peak
1,5,10,Perambur Signal,447,47.1,22.5,11,off-peak
1,5,11,Royapuram Signal,334,52.3,21.7,8,off-peak
1,6,0,Anna Salai & Nungambakkam High Rd,1447,35.1,71.6,36,off-peak
1,6,1,Kathipara Junction,1558,28.2,79.1,38,off-peak
1,6,2,Koyambedu Junction,1559,25.6,78.4,38,off-peak
1,6,3,Vadapalani Signal,1237,42.8,71.2,30,off-peak
1,6,4,T.Nagar Pondy Bazaar,1383,31.5,61.8,34,off-peak
1,6,5,Guindy Industrial Estate,1021,40.5,57.1,25,off-peak
1,6,6,Adyar Signal,1087,36.3,43.6,27,off-peak
1,6,7,Tambaram Signal,977,37.3,46.2,24,off-peak
1,6,8,Chromepet Junction,892,41.9,35.8,22,off-peak
1,6,9,Velachery Signal,1131,43.8,50.1,28,off-peak
1,6,10,Perambur Signal,951,46.5,62.1,23,off-peak
1,6,11,Royapuram Signal,788,43.1,41.1,19,off-peak
1,7,0,Anna Salai & Nungambakkam High Rd,3474,5.0,172.5,86,peak
1,7,1,Kathipara Junction,4206,5.0,208.4,105,peak
1,7,2,Koyambedu Junction,3488,5.0,173.2,87,peak
1,7,3,Vadapalani Signal,2457,11.6,120.1,61,peak
1,7,4,T.Nagar Pondy Bazaar,3492,5.0,175.4,87,peak
1,7,5,Guindy Industrial Estate,2175,16.7,108.8,54,peak
1,7,6,Adyar Signal,2205,16.8,109.8,55,peak
1,7,7,Tambaram Signal,2234,20.0,113.6,55,peak
1,7,8,Chromepet Junction,1706,22.5,91.3,42,peak
1,7,9,Velachery Signal,2793,5.6,130.9,69,peak
1,7,10,Perambur Signal,2239,16.6,106.4,55,peak
1,7,11,Royapuram Signal,1540,30.0,77.3,38,peak
1,8,0,Anna Salai & Nungambakkam High Rd,2981,5.0,147.8,74,peak
1,8,1,Kathipara Junction,4008,5.0,187.6,100,peak
1,8,2,Koyambedu Junction,3459,5.0,174.4,86,peak
1,8,3,Vadapalani Signal,2436,6.0,123.4,60,peak
1,8,4,T.Nagar Pondy Bazaar,3831,5.0,195.9,95,peak
1,8,5,Guindy Industrial Estate,2060,18.6,97.7,51,peak
1,8,6,Adyar Signal,2278,18.3,116.8,56,peak
1,8,7,Tambaram Signal,2179,20.0,111.1,54,peak
1,8,8,Chromepet Junction,2071,19.9,107.7,51,peak
1,8,9,Velachery Signal,2671,6.8,130.1,66,peak
1,8,10,Perambur Signal,2250,11.5,116.4,56,peak
1,8,11,Royapuram Signal,1576,32.0,82.6,39,peak
1,9,0,Anna Salai & Nungambakkam High Rd,3497,5.0,167.0,87,peak
1,9,1,Kathipara Junction,3938,5.0,194.3,98,peak
1,9,2,Koyambedu Junction,3952,5.0,194.1,98,peak
1,9,3,Vadapalani Signal,2307,14.0,109.3,57,peak
1,9,4,T.Nagar Pondy Bazaar,3185,5.0,165.0,79,peak
1,9,5,Guindy Industrial Estate,2219,8.7,112.5,55,peak
1,9,6,Adyar Signal,2354,14.2,125.8,58,peak
1,9,7,Tambaram Signal,1598,26.3,82.9,39,peak
1,9,8,Chromepet Junction,1587,32.7,81.2,39,peak
1,9,9,Velachery Signal,2921,5.0,150.1,73,peak
1,9,10,Perambur Signal,2263,15.4,114.3,56,peak
1,9,11,Royapuram Signal,1635,24.7,81.0,40,peak
1,10,0,Anna Salai & Nungambakkam High Rd,1370,33.8,73.5,34,off-peak
1,10,1,Kathipara Junction,1510,29.4,82.9,37,off-peak
1,10,2,Koyambedu Junction,1446,28.6,73.3,36,off-peak
1,10,3,Vadapalani Signal,1297,34.1,71.5,32,off-peak
1,10,4,T.Nagar Pondy Bazaar,1586,30.8,82.1,39,off-peak
1,10,5,Guindy Industrial Estate,1272,33.9,53.6,31,off-peak
1,10,6,Adyar Signal,1303,32.6,65.7,32,off-peak
1,10,7,Tambaram Signal,1093,33.3,48.4,27,off-peak
1,10,8,Chromepet Junction,837,40.9,44.0,20,off-peak
1,10,9,Velachery Signal,1336,34.1,59.7,33,off-peak
1,10,10,Perambur Signal,849,43.2,40.1,21,off-peak
1,10,11,Royapuram Signal,901,44.1,45.7,22,off-peak
1,11,0,Anna Salai & Nungambakkam High Rd,1471,31.3,76.2,36,off-peak
1,11,1,Kathipara Junction,1556,28.3,78.8,38,off-peak
1,11,2,Koyambedu Junction,1638,26.1,84.5,40,off-peak
1,11,3,Vadapalani Signal,1189,35.9,63.6,29,off-peak
1,11,4,T.Nagar Pondy Bazaar,1248,31.2,55.0,31,off-peak
1,11,5,Guindy Industrial Estate,872,40.5,47.3,21,off-peak
1,11,6,Adyar Signal,1128,38.0,61.8,28,off-peak
1,11,7,Tambaram Signal,1095,37.9,61.5,27,off-peak
1,11,8,Chromepet Junction,967,38.1,45.4,24,off-peak
1,11,9,Velachery Signal,1130,34.7,54.7,28,off-peak
1,11,10,Perambur Signal,1109,43.0,48.5,27,off-peak
1,11,11,Royapuram Signal,897,38.9,47.2,22,off-peak
1,12,0,Anna Salai & Nungambakkam High Rd,2105,12.4,109.9,52,off-peak
1,12,1,Kathipara Junction,2407,10.3,115.0,60,off-peak
1,12,2,Koyambedu Junction,2234,16.6,110.8,55,off-peak
1,12,3,Vadapalani Signal,1911,22.9,102.2,47,off-peak
1,12,4,T.Nagar Pondy Bazaar,2214,11.3,116.0,55,off-peak
1,12,5,Guindy Industrial Estate,1600,31.3,81.9,40,off-peak
1,12,6,Adyar Signal,1752,26.0,97.4,43,off-peak
1,12,7,Tambaram Signal,1770,24.8,89.3,44,off-peak
1,12,8,Chromepet Junction,1598,25.5,81.6,39,off-peak
1,12,9,Velachery Signal,1962,21.7,93.9,49,off-peak
1,12,10,Perambur Signal,1395,25.9,64.2,34,off-peak
1,12,11,Royapuram Signal,1285,33.4,73.9,32,off-peak
1,13,0,Anna Salai & Nungambakkam High Rd,2315,10.8,117.5,57,off-peak
1,13,1,Kathipara Junction,2447,10.2,123.3,61,off-peak
1,13,2,Koyambedu Junction,2474,9.5,129.0,61,off-peak
1,13,3,Vadapalani Signal,1692,26.2,97.6,42,off-peak
1,13,4,T.Nagar Pondy Bazaar,2317,18.0,116.3,57,off-peak
1,13,5,Guindy Industrial Estate,1720,25.4,85.1,43,off-peak
1,13,6,Adyar Signal,1660,28.1,78.7,41,off-peak
1,13,7,Tambaram Signal,1598,31.3,81.7,39,off-peak
1,13,8,Chromepet Junction,1438,32.6,70.4,35,off-peak
1,13,9,Velachery Signal,2113,12.2,104.0,52,off-peak
1,13,10,Perambur Signal,1343,28.7,74.0,33,off-peak
1,13,11,Royapuram Signal,1429,29.3,63.9,35,off-peak
1,14,0,Anna Salai & Nungambakkam High Rd,1058,37.2,65.0,26,off-peak
1,14,1,Kathipara Junction,1707,24.2,87.7,42,off-peak
1,14,2,Koyambedu Junction,1345,32.2,67.7,33,off-peak
1,14,3,Vadapalani Signal,1206,38.3,62.0,30,off-peak
1,14,4,T.Nagar Pondy Bazaar,1564,26.7,82.7,39,off-peak
1,14,5,Guindy Industrial Estate,1212,32.8,56.2,30,off-peak
1,14,6,Adyar Signal,1278,33.9,70.9,31,off-peak
1,14,7,Tambaram Signal,954,45.3,48.4,23,off-peak
1,14,8,Chromepet Junction,979,45.1,47.1,24,off-peak
1,14,9,Velachery Signal,1185,35.0,61.5,29,off-peak
1,14,10,Perambur Signal,911,43.7,42.9,22,off-peak
1,14,11,Royapuram Signal,949,33.8,43.5,23,off-peak
1,15,0,Anna Salai & Nungambakkam High Rd,1200,33.5,61.2,30,off-peak
1,15,1,Kathipara Junction,1626,26.7,80.5,40,off-peak
1,15,2,Koyambedu Junction,1562,25.7,81.6,39,off-peak
1,15,3,Vadapalani Signal,1279,35.6,66.7,31,off-peak
1,15,4,T.Nagar Pondy Bazaar,1520,35.7,75.6,38,off-peak
1,15,5,Guindy Industrial Estate,1046,36.8,47.1,26,off-peak
1,15,6,Adyar Signal,1040,36.5,51.6,26,off-peak
1,15,7,Tambaram Signal,1016,39.8,47.0,25,off-peak
1,15,8,Chromepet Junction,1029,41.6,50.7,25,off-peak
1,15,9,Velachery Signal,1215,37.3,61.7,30,off-peak
1,15,10,Perambur Signal,921,41.4,47.4,23,off-peak
1,15,11,Royapuram Signal,807,44.4,33.1,20,off-peak
1,16,0,Anna Salai & Nungambakkam High Rd,1535,33.0,75.5,38,off-peak
1,16,1,Kathipara Junction,1697,18.8,79.1,42,off-peak
1,16,2,Koyambedu Junction,1501,26.8,78.6,37,off-peak
1,16,3,Vadapalani Signal,1409,28.3,66.3,35,off-peak
1,16,4,T.Nagar Pondy Bazaar,1512,34.6,69.5,37,off-peak
1,16,5,Guindy Industrial Estate,1093,43.6,46.4,27,off-peak
1,16,6,Adyar Signal,1036,38.0,49.2,25,off-peak
1,16,7,Tambaram Signal,1054,39.6,43.8,26,off-peak
1,16,8,Chromepet Junction,999,38.3,56.3,24,off-peak
1,16,9,Velachery Signal,1218,33.7,63.6,30,off-peak
1,16,10,Perambur Signal,1106,39.2,46.9,27,off-peak
1,16,11,Royapuram Signal,907,38.8,46.5,22,off-peak
1,17,0,Anna Salai & Nungambakkam High Rd,2704,7.3,131.2,67,peak
1,17,1,Kathipara Junction,3553,5.0,178.9,88,peak
1,17,2,Koyambedu Junction,3352,5.0,165.4,83,peak
1,17,3,Vadapalani Signal,2517,10.5,122.8,62,peak
1,17,4,T.Nagar Pondy Bazaar,3492,5.0,172.5,87,peak
1,17,5,Guindy Industrial Estate,2347,9.9,105.3,58,peak
1,17,6,Adyar Signal,2642,14.8,130.1,66,peak
1,17,7,Tambaram Signal,1617,26.7,79.4,40,peak
1,17,8,Chromepet Junction,1789,20.9,92.3,44,peak
1,17,9,Velachery Signal,2850,5.0,146.0,71,peak
1,17,10,Perambur Signal,2427,12.0,119.7,60,peak
1,17,11,Royapuram Signal,1582,30.2,70.4,39,peak
1,18,0,Anna Salai & Nungambakkam High Rd,3092,5.0,163.8,77,peak
1,18,1,Kathipara Junction,3904,5.0,189.7,97,peak
1,18,2,Koyambedu Junction,3691,5.0,180.2,92,peak
1,18,3,Vadapalani Signal,2546,12.7,125.7,63,peak
1,18,4,T.Nagar Pondy Bazaar,2910,5.0,141.0,72,peak
1,18,5,Guindy Industrial Estate,2058,18.6,94.4,51,peak
1,18,6,Adyar Signal,2038,20.7,99.3,50,peak
1,18,7,Tambaram Signal,1521,31.9,77.4,38,peak
1,18,8,Chromepet Junction,1713,21.8,89.8,42,peak
1,18,9,Velachery Signal,2812,10.9,142.7,70,peak
1,18,10,Perambur Signal,2149,16.5,111.5,53,peak
1,18,11,Royapuram Signal,1680,30.2,81.4,42,peak
1,19,0,Anna Salai & Nungambakkam High Rd,2946,5.0,151.3,73,peak
1,19,1,Kathipara Junction,4434,5.0,219.6,110,peak
1,19,2,Koyambedu Junction,3614,5.0,185.5,90,peak
1,19,3,Vadapalani Signal,2058,16.4,99.0,51,peak
1,19,4,T.Nagar Pondy Bazaar,2741,5.0,132.5,68,peak
1,19,5,Guindy Industrial Estate,2082,21.7,102.9,52,peak
1,19,6,Adyar Signal,2147,16.9,112.6,53,peak
1,19,7,Tambaram Signal,1764,22.0,91.0,44,peak
1,19,8,Chromepet Junction,1785,26.2,89.2,44,peak
1,19,9,Velachery Signal,2889,5.0,144.4,72,peak
1,19,10,Perambur Signal,2049,15.4,94.6,51,peak
1,19,11,Royapuram Signal,1688,25.2,79.3,42,peak
1,20,0,Anna Salai & Nungambakkam High Rd,1376,35.9,57.4,34,off-peak
1,20,1,Kathipara Junction,1452,28.2,79.9,36,off-peak
1,20,2,Koyambedu Junction,1572,30.9,72.9,39,off-peak
1,20,3,Vadapalani Signal,1106,39.2,55.6,27,off-peak
1,20,4,T.Nagar Pondy Bazaar,1550,28.4,78.9,38,off-peak
1,20,5,Guindy Industrial Estate,1086,40.6,58.3,27,off-peak
1,20,6,Adyar Signal,1005,33.2,55.3,25,off-peak
1,20,7,Tambaram Signal,1084,35.3,44.9,27,off-peak
1,20,8,Chromepet Junction,967,43.5,57.3,24,off-peak
1,20,9,Velachery Signal,1335,32.2,62.3,33,off-peak
1,20,10,Perambur Signal,1043,38.2,47.1,26,off-peak
1,20,11,Royapuram Signal,1012,45.1,56.3,25,off-peak
1,21,0,Anna Salai & Nungambakkam High Rd,1285,36.9,67.4,32,off-peak
1,21,1,Kathipara Junction,1708,29.6,88.6,42,off-peak
1,21,2,Koyambedu Junction,1628,29.4,83.1,40,off-peak
1,21,3,Vadapalani Signal,1041,39.4,49.3,26,off-peak
1,21,4,T.Nagar Pondy Bazaar,1332,38.4,75.2,33,off-peak
1,21,5,Guindy Industrial Estate,1189,37.0,66.2,29,off-peak
1,21,6,Adyar Signal,1156,37.5,52.3,28,off-peak
1,21,7,Tambaram Signal,1021,39.8,44.5,25,off-peak
1,21,8,Chromepet Junction,956,40.6,56.8,23,off-peak
1,21,9,Velachery Signal,1374,32.6,69.9,34,off-peak
1,21,10,Perambur Signal,1046,38.5,46.9,26,off-peak
1,21,11,Royapuram Signal,859,40.6,36.7,21,off-peak
1,22,0,Anna Salai & Nungambakkam High Rd,1444,32.3,63.3,36,off-peak
1,22,1,Kathipara Junction,1633,30.3,86.9,40,off-peak
1,22,2,Koyambedu Junction,1663,26.9,78.9,41,off-peak
1,22,3,Vadapalani Signal,1109,38.9,57.3,27,off-peak
1,22,4,T.Nagar Pondy Bazaar,1637,30.6,81.2,40,off-peak
1,22,5,Guindy Industrial Estate,965,39.7,49.3,24,off-peak
1,22,6,Adyar Signal,1136,35.5,58.1,28,off-peak
1,22,7,Tambaram Signal,950,39.1,49.1,23,off-peak
1,22,8,Chromepet Junction,929,42.2,47.8,23,off-peak
1,22,9,Velachery Signal,1165,35.3,65.4,29,off-peak
1,22,10,Perambur Signal,945,34.8,37.9,23,off-peak
1,22,11,Royapuram Signal,872,42.7,43.0,21,off-peak
1,23,0,Anna Salai & Nungambakkam High Rd,1522,21.5,78.1,38,off-peak
1,23,1,Kathipara Junction,1856,19.5,90.9,46,off-peak
1,23,2,Koyambedu Junction,1444,28.4,70.6,36,off-peak
1,23,3,Vadapalani Signal,1353,38.5,66.0,33,off-peak
1,23,4,T.Nagar Pondy Bazaar,1711,25.9,94.3,42,off-peak
1,23,5,Guindy Industrial Estate,1064,39.1,55.0,26,off-peak
1,23,6,Adyar Signal,1448,33.6,68.9,36,off-peak
1,23,7,Tambaram Signal,1066,37.6,50.9,26,off-peak
1,23,8,Chromepet Junction,1029,39.5,52.8,25,off-peak
1,23,9,Velachery Signal,1283,35.3,66.3,32,off-peak
1,23,10,Perambur Signal,880,44.4,39.1,22,off-peak
1,23,11,Royapuram Signal,769,44.4,38.9,19,off-peak
2,0,0,Anna Salai & Nungambakkam High Rd,524,52.0,19.5,13,off-peak
2,0,1,Kathipara Junction,638,45.5,31.7,15,off-peak
2,0,2,Koyambedu Junction,628,44.4,35.0,15,off-peak
2,0,3,Vadapalani Signal,488,44.6,14.6,12,off-peak
2,0,4,T.Nagar Pondy Bazaar,593,47.5,29.1,14,off-peak
2,0,5,Guindy Industrial Estate,428,52.1,26.1,10,off-peak
2,0,6,Adyar Signal,420,48.1,15.5,10,off-peak
2,0,7,Tambaram Signal,405,55.6,18.1,10,off-peak
2,0,8,Chromepet Junction,307,48.7,11.2,7,off-peak
2,0,9,Velachery Signal,490,49.0,24.7,12,off-peak
2,0,10,Perambur Signal,406,55.0,16.9,10,off-peak
2,0,11,Royapuram Signal,323,55.0,10.0,8,off-peak
2,1,0,Anna Salai & Nungambakkam High Rd,572,48.9,27.9,14,off-peak
2,1,1,Kathipara Junction,743,43.3,47.5,18,off-peak
2,1,2,Koyambedu Junction,603,44.1,30.5,15,off-peak
2,1,3,Vadapalani Signal,444,48.9,24.2,11,off-peak
2,1,4,T.Nagar Pondy Bazaar,620,45.7,35.9,15,off-peak
2,1,5,Guindy Industrial Estate,468,54.9,26.0,11,off-peak
2,1,6,Adyar Signal,512,44.1,24.0,12,off-peak
2,1,7,Tambaram Signal,368,53.0,15.5,9,off-peak
2,1,8,Chromepet Junction,378,58.1,18.1,9,off-peak
2,1,9,Velachery Signal,529,48.7,26.8,13,off-peak
2,1,10,Perambur Signal,417,53.0,26.7,10,off-peak
2,1,11,Royapuram Signal,393,53.1,22.6,9,off-peak
2,2,0,Anna Salai & Nungambakkam High Rd,503,49.7,29.9,12,off-peak
2,2,1,Kathipara Junction,705,46.5,39.7,17,off-peak
2,2,2,Koyambedu Junction,639,50.8,33.4,15,off-peak
2,2,3,Vadapalani Signal,472,51.6,10.0,11,off-peak
2,2,4,T.Nagar Pondy Bazaar,612,36.8,22.0,15,off-peak
2,2,5,Guindy Industrial Estate,444,52.6,16.4,11,off-peak
2,2,6,Adyar Signal,435,55.4,19.3,10,off-peak
2,2,7,Tambaram Signal,467,50.7,25.4,11,off-peak
2,2,8,Chromepet Junction,433,51.7,16.6,10,off-peak
2,2,9,Velachery Signal,508,49.7,18.6,12,off-peak
2,2,10,Perambur Signal,408,49.6,25.0,10,off-peak
2,2,11,Royapuram Signal,348,52.2,16.9,8,off-peak
2,3,0,Anna Salai & Nungambakkam High Rd,564,50.6,23.2,14,off-peak
2,3,1,Kathipara Junction,605,51.2,28.2,15,off-peak
2,3,2,Koyambedu Junction,545,50.4,29.6,13,off-peak
2,3,3,Vadapalani Signal,426,52.2,25.0,10,off-peak
2,3,4,T.Nagar Pondy Bazaar,611,49.7,23.5,15,off-peak
2,3,5,Guindy Industrial Estate,440,50.3,19.6,11,off-peak
2,3,6,Adyar Signal,494,54.6,33.7,12,off-peak
2,3,7,Tambaram Signal,437,50.9,23.6,10,off-peak
2,3,8,Chromepet Junction,407,52.2,21.0,10,off-peak
2,3,9,Velachery Signal,546,48.9,23.7,13,off-peak
2,3,10,Perambur Signal,403,53.8,20.2,10,off-peak
2,3,11,Royapuram Signal,357,54.9,16.0,8,off-peak
2,4,0,Anna Salai & Nungambakkam High Rd,588,49.4,23.2,14,off-peak
2,4,1,Kathipara Junction,736,43.8,28.5,18,off-peak
2,4,2,Koyambedu Junction,563,45.7,28.4,14,off-peak
2,4,3,Vadapalani Signal,475,49.5,26.8,11,off-peak
2,4,4,T.Nagar Pondy Bazaar,610,48.7,32.5,15,off-peak
2,4,5,Guindy Industrial Estate,450,44.7,20.7,11,off-peak
2,4,6,Adyar Signal,381,52.5,19.0,9,off-peak
2,4,7,Tambaram Signal,429,55.0,22.5,10,off-peak
2,4,8,Chromepet Junction,368,54.1,15.8,9,off-peak
2,4,9,Velachery Signal,512,52.7,22.8,12,off-peak
2,4,10,Perambur Signal,443,53.2,17.4,11,off-peak
2,4,11,Royapuram Signal,375,54.6,19.3,9,off-peak
2,5,0,Anna Salai & Nungambakkam High Rd,521,47.0,23.4,13,off-peak
2,5,1,Kathipara Junction,688,43.4,36.6,17,off-peak
2,5,2,Koyambedu Junction,553,48.3,28.2,13,off-peak
2,5,3,Vadapalani Signal,581,44.2,36.4,14,off-peak
2,5,4,T.Nagar Pondy Bazaar,601,49.2,30.6,15,off-peak
2,5,5,Guindy Industrial Estate,444,50.7,29.5,11,off-peak
2,5,6,Adyar Signal,445,54.5,19.0,11,off-peak
2,5,7,Tambaram Signal,394,48.9,22.0,9,off-peak
2,5,8,Chromepet Junction,428,51.2,20.4,10,off-peak
2,5,9,Velachery Signal,467,50.0,15.4,11,off-peak
2,5,10,Perambur Signal,386,53.0,25.9,9,off-peak
2,5,11,Royapuram Signal,426,49.7,28.5,10,off-peak
2,6,0,Anna Salai & Nungambakkam High Rd,1414,31.3,72.9,35,off-peak
2,6,1,Kathipara Junction,1658,27.2,80.9,41,off-peak
2,6,2,Koyambedu Junction,1365,28.1,71.5,34,off-peak
2,6,3,Vadapalani Signal,1188,34.5,59.4,29,off-peak
2,6,4,T.Nagar Pondy Bazaar,1579,29.0,75.7,39,off-peak
2,6,5,Guindy Industrial Estate,1177,41.2,61.3,29,off-peak
2,6,6,Adyar Signal,1244,38.8,67.9,31,off-peak
2,6,7,Tambaram Signal,1038,41.0,54.5,25,off-peak
2,6,8,Chromepet Junction,875,44.6,37.0,21,off-peak
2,6,9,Velachery Signal,1200,39.9,64.2,30,off-peak
2,6,10,Perambur Signal,1166,35.9,52.5,29,off-peak
2,6,11,Royapuram Signal,853,43.2,43.0,21,off-peak
2,7,0,Anna Salai & Nungambakkam High Rd,3329,5.0,168.2,83,peak
2,7,1,Kathipara Junction,3646,5.0,182.3,91,peak
2,7,2,Koyambedu Junction,3314,5.0,164.8,82,peak
2,7,3,Vadapalani Signal,2456,16.2,122.3,61,peak
2,7,4,T.Nagar Pondy Bazaar,3300,5.0,160.5,82,peak
2,7,5,Guindy Industrial Estate,2071,16.5,110.5,51,peak
2,7,6,Adyar Signal,2309,17.7,115.8,57,peak
2,7,7,Tambaram Signal,1919,21.4,96.0,47,peak
2,7,8,Chromepet Junction,2067,11.7,93.3,51,peak
2,7,9,Velachery Signal,2617,7.7,134.3,65,peak
2,7,10,Perambur Signal,2163,15.6,113.2,54,peak
2,7,11,Royapuram Signal,1732,25.9,91.4,43,peak
2,8,0,Anna Salai & Nungambakkam High Rd,3119,5.0,159.4,77,peak
2,8,1,Kathipara Junction,3995,5.0,207.1,99,peak
2,8,2,Koyambedu Junction,2834,5.0,135.8,70,peak
2,8,3,Vadapalani Signal,2438,10.5,114.4,60,peak
2,8,4,T.Nagar Pondy Bazaar,3100,5.0,167.3,77,peak
2,8,5,Guindy Industrial Estate,2421,10.3,119.2,60,peak
2,8,6,Adyar Signal,2125,11.8,105.7,53,peak
2,8,7,Tambaram Signal,1761,24.5,80.0,44,peak
2,8,8,Chromepet Junction,1706,26.3,87.1,42,peak
2,8,9,Velachery Signal,2827,5.0,145.6,70,peak
2,8,10,Perambur Signal,1951,22.9,97.5,48,peak
2,8,11,Royapuram Signal,1424,30.6,73.0,35,peak
2,9,0,Anna Salai & Nungambakkam High Rd,3202,5.0,167.8,80,peak
2,9,1,Kathipara Junction,4279,5.0,217.7,106,peak
2,9,2,Koyambedu Junction,4071,5.0,197.4,101,peak
2,9,3,Vadapalani Signal,2324,18.0,110.9,58,peak
2,9,4,T.Nagar Pondy Bazaar,3009,5.0,152.6,75,peak
2,9,5,Guindy Industrial Estate,2099,16.1,101.6,52,peak
2,9,6,Adyar Signal,2207,13.2,121.8,55,peak
2,9,7,Tambaram Signal,1959,23.5,95.5,48,peak
2,9,8,Chromepet Junction,1790,22.1,76.2,44,peak
2,9,9,Velachery Signal,2434,5.9,110.5,60,peak
2,9,10,Perambur Signal,1885,26.3,94.0,47,peak
2,9,11,Royapuram Signal,1766,25.9,92.2,44,peak
2,10,0,Anna Salai & Nungambakkam High Rd,1287,35.8,68.0,32,off-peak
2,10,1,Kathipara Junction,1573,30.2,81.5,39,off-peak
2,10,2,Koyambedu Junction,1469,27.3,67.5,36,off-peak
2,10,3,Vadapalani Signal,1223,36.5,57.2,30,off-peak
2,10,4,T.Nagar Pondy Bazaar,1488,32.0,77.5,37,off-peak
2,10,5,Guindy Industrial Estate,1205,39.7,55.2,30,off-peak
2,10,6,Adyar Signal,1310,32.2,70.7,32,off-peak
2,10,7,Tambaram Signal,995,38.9,40.7,24,off-peak
2,10,8,Chromepet Junction,946,36.4,52.1,23,off-peak
2,10,9,Velachery Signal,1438,28.8,73.4,35,off-peak
2,10,10,Perambur Signal,982,38.5,53.0,24,off-peak
2,10,11,Royapuram Signal,867,47.9,40.9,21,off-peak
2,11,0,Anna Salai & Nungambakkam High Rd,1498,30.3,78.9,37,off-peak
2,11,1,Kathipara Junction,1590,28.1,78.9,39,off-peak
2,11,2,Koyambedu Junction,1434,33.3,75.0,35,off-peak
2,11,3,Vadapalani Signal,1272,39.2,70.8,31,off-peak
2,11,4,T.Nagar Pondy Bazaar,1440,32.3,68.9,36,off-peak
2,11,5,Guindy Industrial Estate,1074,36.7,61.8,26,off-peak
2,11,6,Adyar Signal,1188,35.6,65.4,29,off-peak
2,11,7,Tambaram Signal,818,37.6,44.9,20,off-peak
2,11,8,Chromepet Junction,964,41.5,41.6,24,off-peak
2,11,9,Velachery Signal,1280,40.4,68.1,32,off-peak
2,11,10,Perambur Signal,1056,37.6,50.8,26,off-peak
2,11,11,Royapuram Signal,721,46.4,40.3,18,off-peak
2,12,0,Anna Salai & Nungambakkam High Rd,1859,20.8,87.2,46,off-peak
2,12,1,Kathipara Junction,2334,13.5,106.3,58,off-peak
2,12,2,Koyambedu Junction,2473,12.8,122.4,61,off-peak
2,12,3,Vadapalani Signal,1493,27.2,80.8,37,off-peak
2,12,4,T.Nagar Pondy Bazaar,1770,23.6,82.6,44,off-peak
2,12,5,Guindy Industrial Estate,1750,23.0,89.5,43,off-peak
2,12,6,Adyar Signal,1851,28.5,91.5,46,off-peak
2,12,7,Tambaram Signal,1563,24.3,84.1,39,off-peak
2,12,8,Chromepet Junction,1382,30.7,69.0,34,off-peak
2,12,9,Velachery Signal,1720,26.3,90.8,43,off-peak
2,12,10,Perambur Signal,1635,22.5,81.1,40,off-peak
2,12,11,Royapuram Signal,1413,26.1,65.3,35,off-peak
2,13,0,Anna Salai & Nungambakkam High Rd,2276,15.3,115.9,56,off-peak
2,13,1,Kathipara Junction,2906,5.0,148.6,72,off-peak
2,13,2,Koyambedu Junction,2868,5.0,139.4,71,off-peak
2,13,3,Vadapalani Signal,1926,22.8,93.7,48,off-peak
2,13,4,T.Nagar Pondy Bazaar,2088,25.2,106.0,52,off-peak
2,13,5,Guindy Industrial Estate,1548,31.8,76.9,38,off-peak
2,13,6,Adyar Signal,1735,27.0,80.3,43,off-peak
2,13,7,Tambaram Signal,1560,34.5,80.3,39,off-peak
2,13,8,Chromepet Junction,1427,29.9,69.3,35,off-peak
2,13,9,Velachery Signal,1926,20.3,100.9,48,off-peak
2,13,10,Perambur Signal,1376,35.1,66.9,34,off-peak
2,13,11,Royapuram Signal,1374,29.1,75.3,34,off-peak
2,14,0,Anna Salai & Nungambakkam High Rd,1525,32.4,68.7,38,off-peak
2,14,1,Kathipara Junction,1759,26.0,79.9,43,off-peak
2,14,2,Koyambedu Junction,1534,30.4,79.5,38,off-peak
2,14,3,Vadapalani Signal,1232,36.2,69.0,30,off-peak
2,14,4,T.Nagar Pondy Bazaar,1630,18.8,79.9,40,off-peak
2,14,5,Guindy Industrial Estate,1058,33.6,53.4,26,off-peak
2,14,6,Adyar Signal,1270,31.3,65.2,31,off-peak
2,14,7,Tambaram Signal,917,39.6,53.2,22,off-peak
2,14,8,Chromepet Junction,918,43.0,36.5,22,off-peak
2,14,9,Velachery Signal,1473,32.3,72.7,36,off-peak
2,14,10,Perambur Signal,1090,34.0,60.4,27,off-peak
2,14,11,Royapuram Signal,847,42.4,39.9,21,off-peak
2,15,0,Anna Salai & Nungambakkam High Rd,1323,35.6,67.4,33,off-peak
2,15,1,Kathipara Junction,1736,25.3,89.4,43,off-peak
2,15,2,Koyambedu Junction,1485,37.0,66.4,37,off-peak
2,15,3,Vadapalani Signal,1337,37.4,62.6,33,off-peak
2,15,4,T.Nagar Pondy Bazaar,1749,28.0,92.3,43,off-peak
2,15,5,Guindy Industrial Estate,1074,37.9,52.7,26,off-peak
2,15,6,Adyar Signal,1191,40.4,60.5,29,off-peak
2,15,7,Tambaram Signal,917,44.1,50.5,22,off-peak
2,15,8,Chromepet Junction,1010,42.0,49.1,25,off-peak
2,15,9,Velachery Signal,1187,33.7,51.2,29,off-peak
2,15,10,Perambur Signal,1062,38.5,50.9,26,off-peak
2,15,11,Royapuram Signal,664,43.0,38.8,16,off-peak
2,16,0,Anna Salai & Nungambakkam High Rd,1313,34.8,58.7,32,off-peak
2,16,1,Kathipara Junction,1839,22.8,93.4,45,off-peak
2,16,2,Koyambedu Junction,1823,28.1,89.6,45,off-peak
2,16,3,Vadapalani Signal,1157,35.9,60.4,28,off-peak
2,16,4,T.Nagar Pondy Bazaar,1472,29.4,80.9,36,off-peak
2,16,5,Guindy Industrial Estate,1062,45.7,53.6,26,off-peak
2,16,6,Adyar Signal,1319,34.7,70.8,32,off-peak
2,16,7,Tambaram Signal,932,38.8,48.9,23,off-peak
2,16,8,Chromepet Junction,1035,39.4,45.3,25,off-peak
2,16,9,Velachery Signal,1142,32.9,48.3,28,off-peak
2,16,10,Perambur Signal,1051,42.4,52.5,26,off-peak
2,16,11,Royapuram Signal,712,45.2,34.8,17,off-peak
2,17,0,Anna Salai & Nungambakkam High Rd,3564,5.0,176.2,89,peak
2,17,1,Kathipara Junction,4500,5.0,227.8,112,peak
2,17,2,Koyambedu Junction,3558,5.0,181.8,88,peak
2,17,3,Vadapalani Signal,2348,15.7,110.5,58,peak
2,17,4,T.Nagar Pondy Bazaar,3454,5.0,169.6,86,peak
2,17,5,Guindy Industrial Estate,2112,15.9,100.2,52,peak
2,17,6,Adyar Signal,2274,11.2,115.3,56,peak
2,17,7,Tambaram Signal,1737,27.4,80.9,43,peak
2,17,8,Chromepet Junction,1735,23.4,93.4,43,peak
2,17,9,Velachery Signal,2808,5.0,142.9,70,peak
2,17,10,Perambur Signal,1733,25.2,96.6,43,peak
2,17,11,Royapuram Signal,1617,27.9,83.6,40,peak
2,18,0,Anna Salai & Nungambakkam High Rd,3271,5.0,155.1,81,peak
2,18,1,Kathipara Junction,4026,5.0,207.9,100,peak
2,18,2,Koyambedu Junction,3437,5.0,165.5,85,peak
2,18,3,Vadapalani Signal,1958,20.1,97.0,48,peak
2,18,4,T.Nagar Pondy Bazaar,3251,5.0,168.5,81,peak
2,18,5,Guindy Industrial Estate,2087,11.9,107.4,52,peak
2,18,6,Adyar Signal,2444,12.0,127.1,61,peak
2,18,7,Tambaram Signal,1735,31.3,82.0,43,peak
2,18,8,Chromepet Junction,1926,16.4,91.6,48,peak
2,18,9,Velachery Signal,3067,5.0,157.5,76,peak
2,18,10,Perambur Signal,2124,17.2,113.0,53,peak
2,18,11,Royapuram Signal,1570,23.3,74.5,39,peak
2,19,0,Anna Salai & Nungambakkam High Rd,3187,5.0,151.5,79,peak
2,19,1,Kathipara Junction,3730,5.0,184.7,93,peak
2,19,2,Koyambedu Junction,3137,5.0,153.2,78,peak
2,19,3,Vadapalani Signal,2665,9.1,132.5,66,peak
2,19,4,T.Nagar Pondy Bazaar,3260,5.0,158.9,81,peak
2,19,5,Guindy Industrial Estate,1922,18.7,92.9,48,peak
2,19,6,Adyar Signal,2122,18.0,109.7,53,peak
2,19,7,Tambaram Signal,1670,26.7,82.4,41,peak
2,19,8,Chromepet Junction,1867,22.6,86.1,46,peak
2,19,9,Velachery Signal,2459,10.9,128.1,61,peak
2,19,10,Perambur Signal,1715,26.7,91.7,42,peak
2,19,11,Royapuram Signal,1581,30.0,75.5,39,peak
2,20,0,Anna Salai & Nungambakkam High Rd,1374,27.7,57.0,34,off-peak
2,20,1,Kathipara Junction,1774,21.6,86.4,44,off-peak
2,20,2,Koyambedu Junction,1366,28.5,67.4,34,off-peak
2,20,3,Vadapalani Signal,1144,38.3,59.5,28,off-peak
2,20,4,T.Nagar Pondy Bazaar,1523,30.3,84.0,38,off-peak
2,20,5,Guindy Industrial Estate,980,40.2,54.7,24,off-peak
2,20,6,Adyar Signal,1271,30.3,62.0,31,off-peak
2,20,7,Tambaram Signal,1097,39.6,55.8,27,off-peak
2,20,8,Chromepet Junction,943,40.0,48.6,23,off-peak
2,20,9,Velachery Signal,1256,34.8,63.2,31,off-peak
2,20,10,Perambur Signal,985,41.9,63.8,24,off-peak
2,20,11,Royapuram Signal,746,46.1,33.5,18,off-peak
2,21,0,Anna Salai & Nungambakkam High Rd,1451,31.1,76.4,36,off-peak
2,21,1,Kathipara Junction,1805,24.5,95.9,45,off-peak
2,21,2,Koyambedu Junction,1249,39.8,64.3,31,off-peak
2,21,3,Vadapalani Signal,1319,30.0,61.8,32,off-peak
2,21,4,T.Nagar Pondy Bazaar,1502,29.9,76.5,37,off-peak
2,21,5,Guindy Industrial Estate,1165,31.4,63.1,29,off-peak
2,21,6,Adyar Signal,1155,36.3,50.4,28,off-peak
2,21,7,Tambaram Signal,1029,32.2,54.7,25,off-peak
2,21,8,Chromepet Junction,845,43.3,41.7,21,off-peak
2,21,9,Velachery Signal,1402,31.4,66.6,35,off-peak
2,21,10,Perambur Signal,1000,43.8,52.7,25,off-peak
2,21,11,Royapuram Signal,843,42.4,34.3,21,off-peak
2,22,0,Anna Salai & Nungambakkam High Rd,1430,26.1,75.3,35,off-peak
2,22,1,Kathipara Junction,1666,33.8,77.8,41,off-peak
2,22,2,Koyambedu Junction,1524,34.9,82.2,38,off-peak
2,22,3,Vadapalani Signal,1147,37.7,57.4,28,off-peak
2,22,4,T.Nagar Pondy Bazaar,1518,27.5,75.5,37,off-peak
2,22,5,Guindy Industrial Estate,935,41.7,49.0,23,off-peak
2,22,6,Adyar Signal,1133,32.5,61.6,28,off-peak
2,22,7,Tambaram Signal,1018,37.5,49.5,25,off-peak
2,22,8,Chromepet Junction,844,40.0,39.5,21,off-peak
2,22,9,Velachery Signal,1408,29.9,73.6,35,off-peak
2,22,10,Perambur Signal,997,40.8,49.1,24,off-peak
2,22,11,Royapuram Signal,930,39.8,38.6,23,off-peak
2,23,0,Anna Salai & Nungambakkam High Rd,1234,33.7,55.5,30,off-peak
2,23,1,Kathipara Junction,1704,24.5,97.1,42,off-peak
2,23,2,Koyambedu Junction,1323,34.2,60.5,33,off-peak
2,23,3,Vadapalani Signal,1167,37.1,46.7,29,off-peak
2,23,4,T.Nagar Pondy Bazaar,1513,35.4,73.4,37,off-peak
2,23,5,Guindy Industrial Estate,1094,41.2,53.9,27,off-peak
2,23,6,Adyar Signal,1101,31.2,58.3,27,off-peak
2,23,7,Tambaram Signal,981,37.3,49.7,24,off-peak
2,23,8,Chromepet Junction,915,40.1,48.8,22,off-peak
2,23,9,Velachery Signal,1145,40.2,50.3,28,off-peak
2,23,10,Perambur Signal,987,46.0,55.0,24,off-peak
2,23,11,Royapuram Signal,876,39.7,41.2,21,off-peak
3,0,0,Anna Salai & Nungambakkam High Rd,558,49.0,27.4,13,off-peak
3,0,1,Kathipara Junction,658,46.2,25.7,16,off-peak
3,0,2,Koyambedu Junction,589,51.0,22.6,14,off-peak
3,0,3,Vadapalani Signal,478,48.0,24.5,11,off-peak
3,0,4,T.Nagar Pondy Bazaar,575,52.9,31.3,14,off-peak
3,0,5,Guindy Industrial Estate,383,54.4,15.3,9,off-peak
3,0,6,Adyar Signal,440,52.1,19.5,11,off-peak
3,0,7,Tambaram Signal,424,49.2,18.1,10,off-peak
3,0,8,Chromepet Junction,363,51.0,23.6,9,off-peak
3,0,9,Velachery Signal,538,54.4,38.2,13,off-peak
3,0,10,Perambur Signal,382,52.6,13.2,9,off-peak
3,0,11,Royapuram Signal,326,51.6,11.0,8,off-peak
3,1,0,Anna Salai & Nungambakkam High Rd,508,49.4,19.3,12,off-peak
3,1,1,Kathipara Junction,704,43.2,49.2,17,off-peak
3,1,2,Koyambedu Junction,592,48.4,23.1,14,off-peak
3,1,3,Vadapalani Signal,552,52.3,29.1,13,off-peak
3,1,4,T.Nagar Pondy Bazaar,529,50.1,20.8,13,off-peak
3,1,5,Guindy Industrial Estate,479,52.8,24.4,11,off-peak
3,1,6,Adyar Signal,371,49.6,22.0,9,off-peak
3,1,7,Tambaram Signal,434,54.6,13.7,10,off-peak
3,1,8,Chromepet Junction,393,55.2,11.4,9,off-peak
3,1,9,Velachery Signal,512,50.6,24.1,12,off-peak
3,1,10,Perambur Signal,355,51.9,16.1,8,off-peak
3,1,11,Royapuram Signal,343,51.4,14.9,8,off-peak
3,2,0,Anna Salai & Nungambakkam High Rd,553,50.3,26.1,13,off-peak
3,2,1,Kathipara Junction,638,47.5,22.3,15,off-peak
3,2,2,Koyambedu Junction,638,47.2,32.1,15,off-peak
3,2,3,Vadapalani Signal,523,43.7,16.3,13,off-peak
3,2,4,T.Nagar Pondy Bazaar,607,47.8,31.2,15,off-peak
3,2,5,Guindy Industrial Estate,413,53.7,25.3,10,off-peak
3,2,6,Adyar Signal,479,49.6,13.4,11,off-peak
3,2,7,Tambaram Signal,420,55.3,24.2,10,off-peak
3,2,8,Chromepet Junction,356,54.9,22.1,8,off-peak
3,2,9,Velachery Signal,576,45.9,27.7,14,off-peak
3,2,10,Perambur Signal,441,51.4,16.5,11,off-peak
3,2,11,Royapuram Signal,359,54.6,18.4,8,off-peak
3,3,0,Anna Salai & Nungambakkam High Rd,564,47.9,35.6,14,off-peak
3,3,1,Kathipara Junction,612,46.0,30.7,15,off-peak
3,3,2,Koyambedu Junction,658,42.3,26.3,16,off-peak
3,3,3,Vadapalani Signal,406,52.0,14.7,10,off-peak
3,3,4,T.Nagar Pondy Bazaar,575,50.5,25.5,14,off-peak
3,3,5,Guindy Industrial Estate,436,50.4,25.2,10,off-peak
3,3,6,Adyar Signal,479,48.3,23.1,11,off-peak
3,3,7,Tambaram Signal,429,52.6,14.5,10,off-peak
3,3,8,Chromepet Junction,404,48.7,27.3,10,off-peak
3,3,9,Velachery Signal,555,49.8,28.5,13,off-peak
3,3,10,Perambur Signal,410,53.8,18.6,10,off-peak
3,3,11,Royapuram Signal,354,55.5,14.9,8,off-peak
3,4,0,Anna Salai & Nungambakkam High Rd,527,45.9,21.0,13,off-peak
3,4,1,Kathipara Junction,563,50.9,37.2,14,off-peak
3,4,2,Koyambedu Junction,685,41.4,37.9,17,off-peak
3,4,3,Vadapalani Signal,541,47.8,27.6,13,off-peak
3,4,4,T.Nagar Pondy Bazaar,498,50.8,19.6,12,off-peak
3,4,5,Guindy Industrial Estate,435,46.6,24.5,10,off-peak
3,4,6,Adyar Signal,499,47.7,19.3,12,off-peak
3,4,7,Tambaram Signal,327,52.7,13.4,8,off-peak
3,4,8,Chromepet Junction,336,54.6,14.6,8,off-peak
3,4,9,Velachery Signal,468,49.0,28.8,11,off-peak
3,4,10,Perambur Signal,437,50.9,24.9,10,off-peak
3,4,11,Royapuram Signal,315,53.8,16.5,7,off-peak
3,5,0,Anna Salai & Nungambakkam High Rd,534,50.6,22.8,13,off-peak
3,5,1,Kathipara Junction,686,47.9,19.7,17,off-peak
3,5,2,Koyambedu Junction,673,37.4,30.6,16,off-peak
3,5,3,Vadapalani Signal,525,48.5,18.9,13,off-peak
3,5,4,T.Nagar Pondy Bazaar,542,52.2,17.5,13,off-peak
3,5,5,Guindy Industrial Estate,467,50.5,17.4,11,off-peak
3,5,6,Adyar Signal,440,48.1,26.3,11,off-peak
3,5,7,Tambaram Signal,419,46.5,18.9,10,off-peak
3,5,8,Chromepet Junction,357,56.7,11.1,8,off-peak
3,5,9,Velachery Signal,578,48.3,23.1,14,off-peak
3,5,10,Perambur Signal,394,49.7,13.3,9,off-peak
3,5,11,Royapuram Signal,350,49.3,10.0,8,off-peak
3,6,0,Anna Salai & Nungambakkam High Rd,1345,27.7,63.5,33,off-peak
3,6,1,Kathipara Junction,1529,26.8,86.5,38,off-peak
3,6,2,Koyambedu Junction,1544,29.9,68.3,38,off-peak
3,6,3,Vadapalani Signal,1151,37.6,52.4,28,off-peak
3,6,4,T.Nagar Pondy Bazaar,1592,24.6,78.2,39,off-peak
3,6,5,Guindy Industrial Estate,1022,40.1,47.9,25,off-peak
3,6,6,Adyar Signal,1129,36.7,52.8,28,off-peak
3,6,7,Tambaram Signal,1028,40.2,51.0,25,off-peak
3,6,8,Chromepet Junction,926,43.9,45.1,23,off-peak
3,6,9,Velachery Signal,1251,35.3,71.0,31,off-peak
3,6,10,Perambur Signal,930,43.7,37.0,23,off-peak
3,6,11,Royapuram Signal,885,47.0,46.7,22,off-peak
3,7,0,Anna Salai & Nungambakkam High Rd,3094,5.0,154.9,77,peak
3,7,1,Kathipara Junction,3880,5.0,192.6,97,peak
3,7,2,Koyambedu Junction,3581,5.0,175.0,89,peak
3,7,3,Vadapalani Signal,2237,16.4,114.6,55,peak
3,7,4,T.Nagar Pondy Bazaar,3428,5.0,171.8,85,peak
3,7,5,Guindy Industrial Estate,2182,17.3,108.6,54,peak
3,7,6,Adyar Signal,2241,21.8,109.8,56,peak
3,7,7,Tambaram Signal,1812,25.1,91.9,45,peak
3,7,8,Chromepet Junction,1613,31.1,80.2,40,peak
3,7,9,Velachery Signal,2492,13.7,127.7,62,peak
3,7,10,Perambur Signal,1874,27.9,97.0,46,peak
3,7,11,Royapuram Signal,1599,32.8,80.7,39,peak
3,8,0,Anna Salai & Nungambakkam High Rd,3045,5.0,155.2,76,peak
3,8,1,Kathipara Junction,4110,5.0,201.6,102,peak
3,8,2,Koyambedu Junction,3562,5.0,171.4,89,peak
3,8,3,Vadapalani Signal,2215,17.4,97.7,55,peak
3,8,4,T.Nagar Pondy Bazaar,3421,5.0,177.6,85,peak
3,8,5,Guindy Industrial Estate,2032,21.3,99.6,50,peak
3,8,6,Adyar Signal,2362,15.0,115.8,59,peak
3,8,7,Tambaram Signal,2066,15.7,104.8,51,peak
3,8,8,Chromepet Junction,1951,23.0,107.1,48,peak
3,8,9,Velachery Signal,2568,5.0,123.4,64,peak
3,8,10,Perambur Signal,2195,17.6,110.3,54,peak
3,8,11,Royapuram Signal,1456,33.2,66.7,36,peak
3,9,0,Anna Salai & Nungambakkam High Rd,3335,5.0,168.6,83,peak
3,9,1,Kathipara Junction,4144,5.0,198.1,103,peak
3,9,2,Koyambedu Junction,3355,5.0,160.5,83,peak
3,9,3,Vadapalani Signal,2856,5.0,144.7,71,peak
3,9,4,T.Nagar Pondy Bazaar,3282,5.0,168.9,82,peak
3,9,5,Guindy Industrial Estate,2110,19.4,104.5,52,peak
3,9,6,Adyar Signal,2276,10.3,103.9,56,peak
3,9,7,Tambaram Signal,1873,22.7,87.2,46,peak
3,9,8,Chromepet Junction,1812,23.9,79.8,45,peak
3,9,9,Velachery Signal,2535,10.5,128.7,63,peak
3,9,10,Perambur Signal,1892,22.6,99.7,47,peak
3,9,11,Royapuram Signal,1700,25.7,82.7,42,peak
3,10,0,Anna Salai & Nungambakkam High Rd,1317,35.1,66.8,32,off-peak
3,10,1,Kathipara Junction,1733,25.7,90.7,43,off-peak
3,10,2,Koyambedu Junction,1549,31.4,81.8,38,off-peak
3,10,3,Vadapalani Signal,1136,31.9,64.5,28,off-peak
3,10,4,T.Nagar Pondy Bazaar,1515,24.6,72.2,37,off-peak
3,10,5,Guindy Industrial Estate,1138,36.4,54.3,28,off-peak
3,10,6,Adyar Signal,1284,31.2,60.2,32,off-peak
3,10,7,Tambaram Signal,1006,41.1,52.8,25,off-peak
3,10,8,Chromepet Junction,1029,40.0,53.9,25,off-peak
3,10,9,Velachery Signal,1255,35.1,63.3,31,off-peak
3,10,10,Perambur Signal,1060,41.1,55.8,26,off-peak
3,10,11,Royapuram Signal,873,40.1,44.0,21,off-peak
3,11,0,Anna Salai & Nungambakkam High Rd,1384,32.9,80.2,34,off-peak
3,11,1,Kathipara Junction,1580,29.7,84.3,39,off-peak
3,11,2,Koyambedu Junction,1549,36.0,75.6,38,off-peak
3,11,3,Vadapalani Signal,1246,32.7,60.5,31,off-peak
3,11,4,T.Nagar Pondy Bazaar,1514,32.3,77.3,37,off-peak
3,11,5,Guindy Industrial Estate,1180,36.1,57.3,29,off-peak
3,11,6,Adyar Signal,1404,33.1,66.6,35,off-peak
3,11,7,Tambaram Signal,935,38.5,51.4,23,off-peak
3,11,8,Chromepet Junction,932,41.7,46.3,23,off-peak
3,11,9,Velachery Signal,1357,30.3,62.5,33,off-peak
3,11,10,Perambur Signal,1061,40.6,54.7,26,off-peak
3,11,11,Royapuram Signal,813,45.8,36.9,20,off-peak
3,12,0,Anna Salai & Nungambakkam High Rd,2038,16.4,108.4,50,off-peak
3,12,1,Kathipara Junction,2658,8.7,139.1,66,off-peak
3,12,2,Koyambedu Junction,2887,5.0,140.7,72,off-peak
3,12,3,Vadapalani Signal,1771,22.0,83.2,44,off-peak
3,12,4,T.Nagar Pondy Bazaar,2222,11.9,112.8,55,off-peak
3,12,5,Guindy Industrial Estate,1651,28.4,85.1,41,off-peak
3,12,6,Adyar Signal,1856,21.8,103.4,46,off-peak
3,12,7,Tambaram Signal,1546,23.5,72.3,38,off-peak
3,12,8,Chromepet Junction,1267,34.7,62.7,31,off-peak
3,12,9,Velachery Signal,1892,28.2,97.3,47,off-peak
3,12,10,Perambur Signal,1691,23.4,79.6,42,off-peak
3,12,11,Royapuram Signal,1337,33.8,57.6,33,off-peak
3,13,0,Anna Salai & Nungambakkam High Rd,2096,18.1,103.7,52,off-peak
3,13,1,Kathipara Junction,2365,11.1,117.4,59,off-peak
3,13,2,Koyambedu Junction,2374,14.3,124.1,59,off-peak
3,13,3,Vadapalani Signal,1819,22.3,93.1,45,off-peak
3,13,4,T.Nagar Pondy Bazaar,2388,10.9,123.4,59,off-peak
3,13,5,Guindy Industrial Estate,1773,28.4,97.5,44,off-peak
3,13,6,Adyar Signal,1648,27.1,82.5,41,off-peak
3,13,7,Tambaram Signal,1506,27.9,67.9,37,off-peak
3,13,8,Chromepet Junction,1482,28.1,74.5,37,off-peak
3,13,9,Velachery Signal,1841,19.9,93.2,46,off-peak
3,13,10,Perambur Signal,1617,29.4,91.8,40,off-peak
3,13,11,Royapuram Signal,1363,34.2,62.8,34,off-peak
3,14,0,Anna Salai & Nungambakkam High Rd,1244,39.9,57.6,31,off-peak
3,14,1,Kathipara Junction,1512,29.6,75.1,37,off-peak
3,14,2,Koyambedu Junction,1426,30.6,77.4,35,off-peak
3,14,3,Vadapalani Signal,1136,33.1,61.5,28,off-peak
3,14,4,T.Nagar Pondy Bazaar,1543,27.3,69.2,38,off-peak
3,14,5,Guindy Industrial Estate,1008,39.7,56.2,25,off-peak
3,14,6,Adyar Signal,1059,38.6,56.3,26,off-peak
3,14,7,Tambaram Signal,801,47.1,34.1,20,off-peak
3,14,8,Chromepet Junction,985,41.0,54.7,24,off-peak
3,14,9,Velachery Signal,1339,26.1,63.0,33,off-peak
3,14,10,Perambur Signal,1054,38.3,55.1,26,off-peak
3,14,11,Royapuram Signal,924,43.3,45.1,23,off-peak
3,15,0,Anna Salai & Nungambakkam High Rd,1182,35.0,61.2,29,off-peak
3,15,1,Kathipara Junction,1506,31.8,79.8,37,off-peak
3,15,2,Koyambedu Junction,1553,19.7,71.3,38,off-peak
3,15,3,Vadapalani Signal,1398,30.4,60.0,34,off-peak
3,15,4,T.Nagar Pondy Bazaar,1631,27.4,87.1,40,off-peak
3,15,5,Guindy Industrial Estate,1096,39.5,56.6,27,off-peak
3,15,6,Adyar Signal,1219,42.5,65.8,30,off-peak
3,15,7,Tambaram Signal,864,44.1,48.9,21,off-peak
3,15,8,Chromepet Junction,1052,37.7,58.4,26,off-peak
3,15,9,Velachery Signal,1377,40.2,65.1,34,off-peak
3,15,10,Perambur Signal,1000,39.1,47.5,25,off-peak
3,15,11,Royapuram Signal,808,35.6,38.2,20,off-peak
3,16,0,Anna Salai & Nungambakkam High Rd,1428,30.0,81.1,35,off-peak
3,16,1,Kathipara Junction,1651,30.9,83.9,41,off-peak
3,16,2,Koyambedu Junction,1639,28.1,88.8,40,off-peak
3,16,3,Vadapalani Signal,1220,37.1,62.8,30,off-peak
3,16,4,T.Nagar Pondy Bazaar,1450,32.2,83.7,36,off-peak
3,16,5,Guindy Industrial Estate,1049,40.3,58.7,26,off-peak
3,16,6,Adyar Signal,1260,34.8,51.1,31,off-peak
3,16,7,Tambaram Signal,1030,32.7,58.8,25,off-peak
3,16,8,Chromepet Junction,973,43.5,44.1,24,off-peak
3,16,9,Velachery Signal,1123,38.3,56.0,28,off-peak
3,16,10,Perambur Signal,1001,40.2,63.9,25,off-peak
3,16,11,Royapuram Signal,928,44.6,50.6,23,off-peak
3,17,0,Anna Salai & Nungambakkam High Rd,3413,5.0,160.4,85,peak
3,17,1,Kathipara Junction,3900,5.0,190.2,97,peak
3,17,2,Koyambedu Junction,3476,5.0,181.3,86,peak
3,17,3,Vadapalani Signal,2661,8.7,136.2,66,peak
3,17,4,T.Nagar Pondy Bazaar,3355,5.0,161.8,83,peak
3,17,5,Guindy Industrial Estate,1746,25.5,88.9,43,peak
3,17,6,Adyar Signal,2567,13.4,136.2,64,peak
3,17,7,Tambaram Signal,1761,23.7,90.5,44,peak
3,17,8,Chromepet Junction,2185,20.7,114.8,54,peak
3,17,9,Velachery Signal,2651,5.0,136.5,66,peak
3,17,10,Perambur Signal,1901,21.3,94.5,47,peak
3,17,11,Royapuram Signal,1804,22.9,78.0,45,peak
3,18,0,Anna Salai & Nungambakkam High Rd,3175,5.0,159.0,79,peak
3,18,1,Kathipara Junction,3932,5.0,200.6,98,peak
3,18,2,Koyambedu Junction,3093,5.0,158.1,77,peak
3,18,3,Vadapalani Signal,2387,7.4,122.7,59,peak
3,18,4,T.Nagar Pondy Bazaar,3668,5.0,173.6,91,peak
3,18,5,Guindy Industrial Estate,2235,10.3,113.3,55,peak
3,18,6,Adyar Signal,2174,13.0,106.5,54,peak
3,18,7,Tambaram Signal,1885,20.4,97.2,47,peak
3,18,8,Chromepet Junction,1752,27.9,89.0,43,peak
3,18,9,Velachery Signal,2583,5.7,120.9,64,peak
3,18,10,Perambur Signal,2133,16.3,94.8,53,peak
3,18,11,Royapuram Signal,1532,26.7,84.5,38,peak
3,19,0,Anna Salai & Nungambakkam High Rd,2636,5.0,137.3,65,peak
3,19,1,Kathipara Junction,4389,5.0,216.3,109,peak
3,19,2,Koyambedu Junction,3699,5.0,175.6,92,peak
3,19,3,Vadapalani Signal,2454,15.6,120.5,61,peak
3,19,4,T.Nagar Pondy Bazaar,3393,5.0,180.2,84,peak
3,19,5,Guindy Industrial Estate,2018,19.6,110.0,50,peak
3,19,6,Adyar Signal,2055,22.0,97.7,51,peak
3,19,7,Tambaram Signal,1929,20.7,91.7,48,peak
3,19,8,Chromepet Junction,1674,27.3,88.7,41,peak
3,19,9,Velachery Signal,2707,6.1,138.2,67,peak
3,19,10,Perambur Signal,1922,23.8,100.2,48,peak
3,19,11,Royapuram Signal,1934,20.2,94.4,48,peak
3,20,0,Anna Salai & Nungambakkam High Rd,1472,33.0,70.9,36,off-peak
3,20,1,Kathipara Junction,1596,29.7,75.7,39,off-peak
3,20,2,Koyambedu Junction,1487,30.5,79.3,37,off-peak
3,20,3,Vadapalani Signal,1156,31.4,48.2,28,off-peak
3,20,4,T.Nagar Pondy Bazaar,1335,29.4,66.0,33,off-peak
3,20,5,Guindy Industrial Estate,970,38.5,44.6,24,off-peak
3,20,6,Adyar Signal,1114,41.7,59.0,27,off-peak
3,20,7,Tambaram Signal,991,38.8,47.4,24,off-peak
3,20,8,Chromepet Junction,985,42.1,44.7,24,off-peak
3,20,9,Velachery Signal,1286,28.2,65.4,32,off-peak
3,20,10,Perambur Signal,1106,37.0,64.4,27,off-peak
3,20,11,Royapuram Signal,808,44.5,40.2,20,off-peak
3,21,0,Anna Salai & Nungambakkam High Rd,1376,32.1,69.3,34,off-peak
3,21,1,Kathipara Junction,1761,28.9,88.0,44,off-peak
3,21,2,Koyambedu Junction,1637,25.2,85.7,40,off-peak
3,21,3,Vadapalani Signal,1140,40.5,68.1,28,off-peak
3,21,4,T.Nagar Pondy Bazaar,1470,24.0,70.8,36,off-peak
3,21,5,Guindy Industrial Estate,1178,38.1,60.1,29,off-peak
3,21,6,Adyar Signal,1248,36.5,68.5,31,off-peak
3,21,7,Tambaram Signal,1062,43.3,54.9,26,off-peak
3,21,8,Chromepet Junction,1029,38.5,48.4,25,off-peak
3,21,9,Velachery Signal,1457,31.5,76.9,36,off-peak
3,21,10,Perambur Signal,1052,37.2,52.7,26,off-peak
3,21,11,Royapuram Signal,969,42.3,39.9,24,off-peak
3,22,0,Anna Salai & Nungambakkam High Rd,1363,38.1,67.1,34,off-peak
3,22,1,Kathipara Junction,1412,37.4,74.0,35,off-peak
3,22,2,Koyambedu Junction,1528,28.3,81.8,38,off-peak
3,22,3,Vadapalani Signal,1162,40.2,60.8,29,off-peak
3,22,4,T.Nagar Pondy Bazaar,1514,30.2,74.8,37,off-peak
3,22,5,Guindy Industrial Estate,1162,34.2,50.0,29,off-peak
3,22,6,Adyar Signal,1211,37.7,63.0,30,off-peak
3,22,7,Tambaram Signal,1022,38.6,55.0,25,off-peak
3,22,8,Chromepet Junction,956,39.4,46.2,23,off-peak
3,22,9,Velachery Signal,1489,25.0,76.9,37,off-peak
3,22,10,Perambur Signal,902,41.6,42.9,22,off-peak
3,22,11,Royapuram Signal,724,46.7,34.3,18,off-peak
3,23,0,Anna Salai & Nungambakkam High Rd,1154,39.4,64.9,28,off-peak
3,23,1,Kathipara Junction,1846,24.2,92.5,46,off-peak
3,23,2,Koyambedu Junction,1700,31.0,90.7,42,off-peak
3,23,3,Vadapalani Signal,1123,38.1,58.3,28,off-peak
3,23,4,T.Nagar Pondy Bazaar,1270,36.0,74.9,31,off-peak
3,23,5,Guindy Industrial Estate,1127,41.9,57.3,28,off-peak
3,23,6,Adyar Signal,1148,38.2,53.3,28,off-peak
3,23,7,Tambaram Signal,913,45.5,52.5,22,off-peak
3,23,8,Chromepet Junction,883,45.2,43.7,22,off-peak
3,23,9,Velachery Signal,1317,35.0,70.8,32,off-peak
3,23,10,Perambur Signal,1049,43.3,54.0,26,off-peak
3,23,11,Royapuram Signal,913,39.2,56.4,22,off-peak
4,0,0,Anna Salai & Nungambakkam High Rd,575,50.6,20.7,14,off-peak
4,0,1,Kathipara Junction,616,51.4,32.2,15,off-peak
4,0,2,Koyambedu Junction,520,52.7,23.3,13,off-peak
4,0,3,Vadapalani Signal,540,48.9,28.0,13,off-peak
4,0,4,T.Nagar Pondy Bazaar,650,44.3,27.5,16,off-peak
4,0,5,Guindy Industrial Estate,422,54.0,14.4,10,off-peak
4,0,6,Adyar Signal,400,54.5,17.0,10,off-peak
4,0,7,Tambaram Signal,383,46.8,15.8,9,off-peak
4,0,8,Chromepet Junction,383,55.1,15.3,9,off-peak
4,0,9,Velachery Signal,581,46.3,25.6,14,off-peak
4,0,10,Perambur Signal,468,51.3,20.6,11,off-peak
4,0,11,Royapuram Signal,343,57.2,24.5,8,off-peak
4,1,0,Anna Salai & Nungambakkam High Rd,518,49.5,26.4,12,off-peak
4,1,1,Kathipara Junction,607,47.7,30.4,15,off-peak
4,1,2,Koyambedu Junction,671,50.2,31.9,16,off-peak
4,1,3,Vadapalani Signal,477,52.5,20.9,11,off-peak
4,1,4,T.Nagar Pondy Bazaar,621,47.3,26.2,15,off-peak
4,1,5,Guindy Industrial Estate,396,56.4,19.0,9,off-peak
4,1,6,Adyar Signal,522,48.0,27.6,13,off-peak
4,1,7,Tambaram Signal,471,47.4,14.1,11,off-peak
4,1,8,Chromepet Junction,423,49.1,21.0,10,off-peak
4,1,9,Velachery Signal,488,51.0,19.6,12,off-peak
4,1,10,Perambur Signal,410,53.1,15.5,10,off-peak
4,1,11,Royapuram Signal,328,52.4,10.0,8,off-peak
4,2,0,Anna Salai & Nungambakkam High Rd,536,49.6,24.8,13,off-peak
4,2,1,Kathipara Junction,645,47.0,29.0,16,off-peak
4,2,2,Koyambedu Junction,649,51.3,30.1,16,off-peak
4,2,3,Vadapalani Signal,504,49.2,27.0,12,off-peak
4,2,4,T.Nagar Pondy Bazaar,668,48.2,24.5,16,off-peak
4,2,5,Guindy Industrial Estate,444,54.8,21.1,11,off-peak
4,2,6,Adyar Signal,498,48.0,17.5,12,off-peak
4,2,7,Tambaram Signal,400,46.7,18.8,10,off-peak
4,2,8,Chromepet Junction,423,45.8,14.8,10,off-peak
4,2,9,Velachery Signal,470,50.4,21.7,11,off-peak
4,2,10,Perambur Signal,463,53.6,25.6,11,off-peak
4,2,11,Royapuram Signal,352,54.1,13.3,8,off-peak
4,3,0,Anna Salai & Nungambakkam High Rd,593,44.8,33.8,14,off-peak
4,3,1,Kathipara Junction,722,46.2,35.2,18,off-peak
4,3,2,Koyambedu Junction,634,38.7,33.2,15,off-peak
4,3,3,Vadapalani Signal,481,50.2,27.6,12,off-peak
4,3,4,T.Nagar Pondy Bazaar,590,44.8,28.8,14,off-peak
4,3,5,Guindy Industrial Estate,431,51.7,22.4,10,off-peak
4,3,6,Adyar Signal,500,46.7,25.9,12,off-peak
4,3,7,Tambaram Signal,436,46.1,22.7,10,off-peak
4,3,8,Chromepet Junction,366,51.6,13.8,9,off-peak
4,3,9,Velachery Signal,506,55.4,19.0,12,off-peak
4,3,10,Perambur Signal,377,48.6,27.5,9,off-peak
4,3,11,Royapuram Signal,335,53.2,14.7,8,off-peak
4,4,0,Anna Salai & Nungambakkam High Rd,513,49.0,37.9,12,off-peak
4,4,1,Kathipara Junction,733,42.8,39.9,18,off-peak
4,4,2,Koyambedu Junction,574,43.2,33.8,14,off-peak
4,4,3,Vadapalani Signal,531,52.5,24.2,13,off-peak
4,4,4,T.Nagar Pondy Bazaar,586,50.5,31.3,14,off-peak
4,4,5,Guindy Industrial Estate,415,46.8,21.3,10,off-peak
4,4,6,Adyar Signal,501,46.4,28.2,12,off-peak
4,4,7,Tambaram Signal,406,54.1,24.7,10,off-peak
4,4,8,Chromepet Junction,362,47.9,15.4,9,off-peak
4,4,9,Velachery Signal,549,47.4,24.0,13,off-peak
4,4,10,Perambur Signal,356,58.1,21.9,8,off-peak
4,4,11,Royapuram Signal,369,55.5,21.3,9,off-peak
4,5,0,Anna Salai & Nungambakkam High Rd,544,48.6,25.1,13,off-peak
4,5,1,Kathipara Junction,799,45.7,37.6,19,off-peak
4,5,2,Koyambedu Junction,637,44.2,39.4,15,off-peak
4,5,3,Vadapalani Signal,460,52.3,28.3,11,off-peak
4,5,4,T.Nagar Pondy Bazaar,612,48.0,30.7,15,off-peak
4,5,5,Guindy Industrial Estate,427,49.7,19.1,10,off-peak
4,5,6,Adyar Signal,516,49.4,21.9,12,off-peak
4,5,7,Tambaram Signal,379,55.7,22.3,9,off-peak
4,5,8,Chromepet Junction,401,51.2,22.9,10,off-peak
4,5,9,Velachery Signal,486,49.5,29.1,12,off-peak
4,5,10,Perambur Signal,446,48.1,18.0,11,off-peak
4,5,11,Royapuram Signal,351,58.2,10.0,8,off-peak
4,6,0,Anna Salai & Nungambakkam High Rd,1418,27.5,67.7,35,off-peak
4,6,1,Kathipara Junction,1601,26.7,77.4,40,off-peak
4,6,2,Koyambedu Junction,1538,27.6,69.6,38,off-peak
4,6,3,Vadapalani Signal,1290,36.5,68.7,32,off-peak
4,6,4,T.Nagar Pondy Bazaar,1301,34.9,68.4,32,off-peak
4,6,5,Guindy Industrial Estate,984,40.3,48.6,24,off-peak
4,6,6,Adyar Signal,1325,39.3,57.9,33,off-peak
4,6,7,Tambaram Signal,1187,33.5,64.3,29,off-peak
4,6,8,Chromepet Junction,1034,36.3,54.2,25,off-peak
4,6,9,Velachery Signal,1271,36.2,64.7,31,off-peak
4,6,10,Perambur Signal,1142,37.4,56.3,28,off-peak
4,6,11,Royapuram Signal,946,42.8,51.0,23,off-peak
4,7,0,Anna Salai & Nungambakkam High Rd,2890,5.0,141.7,72,peak
4,7,1,Kathipara Junction,3763,5.0,193.0,94,peak
4,7,2,Koyambedu Junction,3482,5.0,180.9,87,peak
4,7,3,Vadapalani Signal,2559,6.4,135.8,63,peak
4,7,4,T.Nagar Pondy Bazaar,3349,5.0,165.8,83,peak
4,7,5,Guindy Industrial Estate,1965,16.3,101.4,49,peak
4,7,6,Adyar Signal,2194,25.3,104.3,54,peak
4,7,7,Tambaram Signal,1721,27.1,93.7,43,peak
4,7,8,Chromepet Junction,1826,25.2,82.1,45,peak
4,7,9,Velachery Signal,2587,5.0,119.9,64,peak
4,7,10,Perambur Signal,2104,11.2,98.6,52,peak
4,7,11,Royapuram Signal,1532,26.9,78.6,38,peak
4,8,0,Anna Salai & Nungambakkam High Rd,3127,5.0,160.1,78,peak
4,8,1,Kathipara Junction,4321,5.0,217.6,108,peak
4,8,2,Koyambedu Junction,3670,5.0,181.5,91,peak
4,8,3,Vadapalani Signal,2444,8.7,124.3,61,peak
4,8,4,T.Nagar Pondy Bazaar,3340,5.0,163.7,83,peak
4,8,5,Guindy Industrial Estate,1911,24.7,95.9,47,peak
4,8,6,Adyar Signal,2179,18.8,106.1,54,peak
4,8,7,Tambaram Signal,1698,29.1,82.2,42,peak
4,8,8,Chromepet Junction,1758,25.0,93.6,43,peak
4,8,9,Velachery Signal,2740,5.0,139.7,68,peak
4,8,10,Perambur Signal,2004,25.6,100.2,50,peak
4,8,11,Royapuram Signal,1314,34.8,75.4,32,peak
4,9,0,Anna Salai & Nungambakkam High Rd,3437,5.0,166.8,85,peak
4,9,1,Kathipara Junction,4248,5.0,213.5,106,peak
4,9,2,Koyambedu Junction,3166,5.0,154.9,79,peak
4,9,3,Vadapalani Signal,2691,8.6,135.9,67,peak
4,9,4,T.Nagar Pondy Bazaar,3002,5.0,146.4,75,peak
4,9,5,Guindy Industrial Estate,2263,18.3,118.4,56,peak
4,9,6,Adyar Signal,2199,7.8,101.1,54,peak
4,9,7,Tambaram Signal,2131,16.2,102.8,53,peak
4,9,8,Chromepet Junction,2056,22.7,102.9,51,peak
4,9,9,Velachery Signal,2671,6.2,134.7,66,peak
4,9,10,Perambur Signal,2351,14.2,121.2,58,peak
4,9,11,Royapuram Signal,1750,21.5,91.3,43,peak
4,10,0,Anna Salai & Nungambakkam High Rd,1354,25.4,57.1,33,off-peak
4,10,1,Kathipara Junction,1515,31.3,76.3,37,off-peak
4,10,2,Koyambedu Junction,1560,34.7,71.7,39,off-peak
4,10,3,Vadapalani Signal,1212,36.7,56.9,30,off-peak
4,10,4,T.Nagar Pondy Bazaar,1488,25.4,81.4,37,off-peak
4,10,5,Guindy Industrial Estate,1014,45.8,50.5,25,off-peak
4,10,6,Adyar Signal,1249,34.9,62.3,31,off-peak
4,10,7,Tambaram Signal,943,41.5,48.7,23,off-peak
4,10,8,Chromepet Junction,899,41.6,41.9,22,off-peak
4,10,9,Velachery Signal,1518,29.4,83.6,37,off-peak
4,10,10,Perambur Signal,1026,40.3,44.7,25,off-peak
4,10,11,Royapuram Signal,838,43.9,49.8,20,off-peak
4,11,0,Anna Salai & Nungambakkam High Rd,1412,35.9,73.8,35,off-peak
4,11,1,Kathipara Junction,1864,22.5,105.2,46,off-peak
4,11,2,Koyambedu Junction,1477,28.2,67.8,36,off-peak
4,11,3,Vadapalani Signal,1441,33.6,70.4,36,off-peak
4,11,4,T.Nagar Pondy Bazaar,1633,29.4,91.5,40,off-peak
4,11,5,Guindy Industrial Estate,939,40.4,44.6,23,off-peak
4,11,6,Adyar Signal,972,43.7,47.2,24,off-peak
4,11,7,Tambaram Signal,1048,46.1,50.6,26,off-peak
4,11,8,Chromepet Junction,927,41.8,51.3,23,off-peak
4,11,9,Velachery Signal,1224,33.6,66.5,30,off-peak
4,11,10,Perambur Signal,1074,32.4,47.6,26,off-peak
4,11,11,Royapuram Signal,974,41.7,44.9,24,off-peak
4,12,0,Anna Salai & Nungambakkam High Rd,2098,18.1,108.6,52,off-peak
4,12,1,Kathipara Junction,2255,12.4,114.1,56,off-peak
4,12,2,Koyambedu Junction,2338,15.0,110.8,58,off-peak
4,12,3,Vadapalani Signal,1916,25.0,98.2,47,off-peak
4,12,4,T.Nagar Pondy Bazaar,2302,13.7,110.9,57,off-peak
4,12,5,Guindy Industrial Estate,1635,31.1,81.2,40,off-peak
4,12,6,Adyar Signal,1644,25.6,83.2,41,off-peak
4,12,7,Tambaram Signal,1472,32.0,76.2,36,off-peak
4,12,8,Chromepet Junction,1576,32.8,83.8,39,off-peak
4,12,9,Velachery Signal,1819,20.9,90.6,45,off-peak
4,12,10,Perambur Signal,1540,25.8,74.8,38,off-peak
4,12,11,Royapuram Signal,1283,32.3,62.6,32,off-peak
4,13,0,Anna Salai & Nungambakkam High Rd,2328,14.0,128.8,58,off-peak
4,13,1,Kathipara Junction,2564,7.8,128.2,64,off-peak
4,13,2,Koyambedu Junction,2405,13.2,130.6,60,off-peak
4,13,3,Vadapalani Signal,1737,27.8,87.9,43,off-peak
4,13,4,T.Nagar Pondy Bazaar,1990,22.5,105.8,49,off-peak
4,13,5,Guindy Industrial Estate,1531,29.4,67.9,38,off-peak
4,13,6,Adyar Signal,1592,31.3,77.3,39,off-peak
4,13,7,Tambaram Signal,1383,33.0,66.5,34,off-peak
4,13,8,Chromepet Junction,1416,33.9,65.0,35,off-peak
4,13,9,Velachery Signal,1824,24.0,96.0,45,off-peak
4,13,10,Perambur Signal,1756,22.9,92.5,43,off-peak
4,13,11,Royapuram Signal,1250,40.5,56.8,31,off-peak
4,14,0,Anna Salai & Nungambakkam High Rd,1534,27.4,86.8,38,off-peak
4,14,1,Kathipara Junction,1728,22.4,83.8,43,off-peak
4,14,2,Koyambedu Junction,1633,30.5,81.3,40,off-peak
4,14,3,Vadapalani Signal,1219,37.9,61.6,30,off-peak
4,14,4,T.Nagar Pondy Bazaar,1331,30.9,67.7,33,off-peak
4,14,5,Guindy Industrial Estate,1176,41.3,62.7,29,off-peak
4,14,6,Adyar Signal,1181,38.6,55.7,29,off-peak
4,14,7,Tambaram Signal,977,38.0,42.6,24,off-peak
4,14,8,Chromepet Junction,985,40.9,52.7,24,off-peak
4,14,9,Velachery Signal,1338,34.0,69.7,33,off-peak
4,14,10,Perambur Signal,1038,40.5,48.3,25,off-peak
4,14,11,Royapuram Signal,895,44.1,41.4,22,off-peak
4,15,0,Anna Salai & Nungambakkam High Rd,1393,30.3,67.0,34,off-peak
4,15,1,Kathipara Junction,1501,33.8,80.4,37,off-peak
4,15,2,Koyambedu Junction,1603,33.9,79.2,40,off-peak
4,15,3,Vadapalani Signal,1509,29.1,76.7,37,off-peak
4,15,4,T.Nagar Pondy Bazaar,1437,32.4,76.0,35,off-peak
4,15,5,Guindy Industrial Estate,1062,44.1,54.3,26,off-peak
4,15,6,Adyar Signal,1179,33.7,61.0,29,off-peak
4,15,7,Tambaram Signal,979,38.6,45.1,24,off-peak
4,15,8,Chromepet Junction,1165,35.9,51.0,29,off-peak
4,15,9,Velachery Signal,1210,35.6,63.2,30,off-peak
4,15,10,Perambur Signal,1088,40.3,51.2,27,off-peak
4,15,11,Royapuram Signal,893,39.5,41.6,22,off-peak
4,16,0,Anna Salai & Nungambakkam High Rd,1285,30.7,69.6,32,off-peak
4,16,1,Kathipara Junction,1740,28.1,87.2,43,off-peak
4,16,2,Koyambedu Junction,1633,22.1,86.0,40,off-peak
4,16,3,Vadapalani Signal,1232,37.2,63.5,30,off-peak
4,16,4,T.Nagar Pondy Bazaar,1367,28.2,64.8,34,off-peak
4,16,5,Guindy Industrial Estate,1120,39.7,49.2,28,off-peak
4,16,6,Adyar Signal,1064,36.6,51.4,26,off-peak
4,16,7,Tambaram Signal,882,38.1,40.0,22,off-peak
4,16,8,Chromepet Junction,966,37.1,47.7,24,off-peak
4,16,9,Velachery Signal,1391,28.3,68.5,34,off-peak
4,16,10,Perambur Signal,1127,36.2,53.5,28,off-peak
4,16,11,Royapuram Signal,950,40.1,53.0,23,off-peak
4,17,0,Anna Salai & Nungambakkam High Rd,3157,5.0,160.2,78,peak
4,17,1,Kathipara Junction,4061,5.0,200.3,101,peak
4,17,2,Koyambedu Junction,3537,5.0,180.4,88,peak
4,17,3,Vadapalani Signal,2305,17.0,117.6,57,peak
4,17,4,T.Nagar Pondy Bazaar,3011,5.0,161.7,75,peak
4,17,5,Guindy Industrial Estate,2286,18.6,114.7,57,peak
4,17,6,Adyar Signal,2029,13.9,102.7,50,peak
4,17,7,Tambaram Signal,1823,20.8,90.8,45,peak
4,17,8,Chromepet Junction,1907,17.5,93.1,47,peak
4,17,9,Velachery Signal,3066,5.0,157.6,76,peak
4,17,10,Perambur Signal,2004,21.6,105.7,50,peak
4,17,11,Royapuram Signal,1695,28.8,79.0,42,peak
4,18,0,Anna Salai & Nungambakkam High Rd,3324,5.0,167.5,83,peak
4,18,1,Kathipara Junction,4041,5.0,203.7,101,peak
4,18,2,Koyambedu Junction,3287,5.0,168.7,82,peak
4,18,3,Vadapalani Signal,2548,12.5,127.2,63,peak
4,18,4,T.Nagar Pondy Bazaar,2987,5.0,147.5,74,peak
4,18,5,Guindy Industrial Estate,2174,14.6,116.9,54,peak
4,18,6,Adyar Signal,2176,15.5,109.3,54,peak
4,18,7,Tambaram Signal,1746,26.1,95.4,43,peak
4,18,8,Chromepet Junction,1746,26.3,73.6,43,peak
4,18,9,Velachery Signal,2727,5.0,132.3,68,peak
4,18,10,Perambur Signal,2265,13.7,112.4,56,peak
4,18,11,Royapuram Signal,1552,23.2,71.9,38,peak
4,19,0,Anna Salai & Nungambakkam High Rd,3287,5.0,160.5,82,peak
4,19,1,Kathipara Junction,3833,5.0,195.5,95,peak
4,19,2,Koyambedu Junction,3368,5.0,164.7,84,peak
4,19,3,Vadapalani Signal,2713,5.0,141.0,67,peak
4,19,4,T.Nagar Pondy Bazaar,3256,5.0,161.7,81,peak
4,19,5,Guindy Industrial Estate,2163,15.3,110.9,54,peak
4,19,6,Adyar Signal,2231,17.2,113.8,55,peak
4,19,7,Tambaram Signal,1904,20.6,96.0,47,peak
4,19,8,Chromepet Junction,1897,28.2,99.5,47,peak
4,19,9,Velachery Signal,2949,10.3,150.0,73,peak
4,19,10,Perambur Signal,2165,18.8,103.2,54,peak
4,19,11,Royapuram Signal,1543,27.6,80.4,38,peak
4,20,0,Anna Salai & Nungambakkam High Rd,1368,33.1,73.8,34,off-peak
4,20,1,Kathipara Junction,1763,24.3,84.8,44,off-peak
4,20,2,Koyambedu Junction,1677,28.8,75.8,41,off-peak
4,20,3,Vadapalani Signal,1184,36.8,63.1,29,off-peak
4,20,4,T.Nagar Pondy Bazaar,1593,29.0,82.6,39,off-peak
4,20,5,Guindy Industrial Estate,1078,36.4,52.6,26,off-peak
4,20,6,Adyar Signal,1156,36.8,48.4,28,off-peak
4,20,7,Tambaram Signal,958,41.0,46.5,23,off-peak
4,20,8,Chromepet Junction,941,42.6,41.7,23,off-peak
4,20,9,Velachery Signal,1115,36.7,59.6,27,off-peak
4,20,10,Perambur Signal,1183,38.7,51.8,29,off-peak
4,20,11,Royapuram Signal,853,43.7,43.5,21,off-peak
4,21,0,Anna Salai & Nungambakkam High Rd,1447,28.3,72.7,36,off-peak
4,21,1,Kathipara Junction,1705,28.4,81.2,42,off-peak
4,21,2,Koyambedu Junction,1495,22.0,71.6,37,off-peak
4,21,3,Vadapalani Signal,1164,33.7,59.0,29,off-peak
4,21,4,T.Nagar Pondy Bazaar,1478,23.7,75.0,36,off-peak
4,21,5,Guindy Industrial Estate,992,41.6,43.2,24,off-peak
4,21,6,Adyar Signal,1157,36.0,59.4,28,off-peak
4,21,7,Tambaram Signal,999,39.3,42.3,24,off-peak
4,21,8,Chromepet Junction,846,41.3,42.3,21,off-peak
4,21,9,Velachery Signal,1220,37.5,59.6,30,off-peak
4,21,10,Perambur Signal,962,39.9,49.2,24,off-peak
4,21,11,Royapuram Signal,892,47.8,41.3,22,off-peak
4,22,0,Anna Salai & Nungambakkam High Rd,1379,33.7,68.8,34,off-peak
4,22,1,Kathipara Junction,1583,23.7,76.6,39,off-peak
4,22,2,Koyambedu Junction,1405,26.7,66.3,35,off-peak
4,22,3,Vadapalani Signal,1113,39.5,58.7,27,off-peak
4,22,4,T.Nagar Pondy Bazaar,1377,31.7,59.6,34,off-peak
4,22,5,Guindy Industrial Estate,1030,40.6,55.6,25,off-peak
4,22,6,Adyar Signal,1089,41.4,46.9,27,off-peak
4,22,7,Tambaram Signal,891,44.3,52.9,22,off-peak
4,22,8,Chromepet Junction,997,39.9,38.9,24,off-peak
4,22,9,Velachery Signal,1074,38.9,51.9,26,off-peak
4,22,10,Perambur Signal,950,41.2,48.1,23,off-peak
4,22,11,Royapuram Signal,935,41.7,52.9,23,off-peak
4,23,0,Anna Salai & Nungambakkam High Rd,1388,31.9,74.7,34,off-peak
4,23,1,Kathipara Junction,1520,38.0,77.9,38,off-peak
4,23,2,Koyambedu Junction,1584,29.9,88.6,39,off-peak
4,23,3,Vadapalani Signal,1292,29.3,71.6,32,off-peak
4,23,4,T.Nagar Pondy Bazaar,1444,31.4,65.8,36,off-peak
4,23,5,Guindy Industrial Estate,1117,35.7,56.4,27,off-peak
4,23,6,Adyar Signal,1128,43.2,66.3,28,off-peak
4,23,7,Tambaram Signal,993,40.3,47.8,24,off-peak
4,23,8,Chromepet Junction,1044,38.1,50.1,26,off-peak
4,23,9,Velachery Signal,1382,30.7,68.9,34,off-peak
4,23,10,Perambur Signal,910,43.9,55.2,22,off-peak
4,23,11,Royapuram Signal,920,46.0,41.8,23,off-peak
5,0,0,Anna Salai & Nungambakkam High Rd,565,45.9,27.1,14,off-peak
5,0,1,Kathipara Junction,700,46.3,27.9,17,off-peak
5,0,2,Koyambedu Junction,550,44.9,30.0,13,off-peak
5,0,3,Vadapalani Signal,566,52.8,18.8,14,off-peak
5,0,4,T.Nagar Pondy Bazaar,661,49.6,25.3,16,off-peak
5,0,5,Guindy Industrial Estate,418,54.9,23.7,10,off-peak
5,0,6,Adyar Signal,413,53.6,10.0,10,off-peak
5,0,7,Tambaram Signal,388,55.7,19.5,9,off-peak
5,0,8,Chromepet Junction,368,55.3,23.3,9,off-peak
5,0,9,Velachery Signal,566,51.3,33.7,14,off-peak
5,0,10,Perambur Signal,441,52.0,22.5,11,off-peak
5,0,11,Royapuram Signal,341,49.5,12.3,8,off-peak
5,1,0,Anna Salai & Nungambakkam High Rd,542,49.9,34.3,13,off-peak
5,1,1,Kathipara Junction,657,49.9,38.2,16,off-peak
5,1,2,Koyambedu Junction,603,49.7,28.9,15,off-peak
5,1,3,Vadapalani Signal,537,51.2,20.9,13,off-peak
5,1,4,T.Nagar Pondy Bazaar,601,52.9,29.1,15,off-peak
5,1,5,Guindy Industrial Estate,444,52.8,17.0,11,off-peak
5,1,6,Adyar Signal,480,46.2,20.9,12,off-peak
5,1,7,Tambaram Signal,430,52.5,20.0,10,off-peak
5,1,8,Chromepet Junction,397,51.9,19.9,9,off-peak
5,1,9,Velachery Signal,539,47.0,27.2,13,off-peak
5,1,10,Perambur Signal,406,47.1,15.7,10,off-peak
5,1,11,Royapuram Signal,391,53.3,12.9,9,off-peak
5,2,0,Anna Salai & Nungambakkam High Rd,486,49.9,32.1,12,off-peak
5,2,1,Kathipara Junction,650,50.9,34.3,16,off-peak
5,2,2,Koyambedu Junction,638,43.2,36.6,15,off-peak
5,2,3,Vadapalani Signal,472,53.1,19.5,11,off-peak
5,2,4,T.Nagar Pondy Bazaar,602,49.0,29.3,15,off-peak
5,2,5,Guindy Industrial Estate,442,50.4,18.9,11,off-peak
5,2,6,Adyar Signal,521,52.7,22.2,13,off-peak
5,2,7,Tambaram Signal,414,49.5,14.8,10,off-peak
5,2,8,Chromepet Junction,415,46.6,25.4,10,off-peak
5,2,9,Velachery Signal,502,49.3,27.1,12,off-peak
5,2,10,Perambur Signal,436,48.8,25.4,10,off-peak
5,2,11,Royapuram Signal,351,49.2,16.7,8,off-peak
5,3,0,Anna Salai & Nungambakkam High Rd,616,52.7,34.4,15,off-peak
5,3,1,Kathipara Junction,597,49.5,34.1,14,off-peak
5,3,2,Koyambedu Junction,650,49.4,34.3,16,off-peak
5,3,3,Vadapalani Signal,483,48.5,14.7,12,off-peak
5,3,4,T.Nagar Pondy Bazaar,610,48.4,33.3,15,off-peak
5,3,5,Guindy Industrial Estate,383,54.3,29.4,9,off-peak
5,3,6,Adyar Signal,464,50.5,24.7,11,off-peak
5,3,7,Tambaram Signal,460,47.7,24.0,11,off-peak
5,3,8,Chromepet Junction,359,51.2,17.7,8,off-peak
5,3,9,Velachery Signal,568,54.0,30.6,14,off-peak
5,3,10,Perambur Signal,404,59.4,18.1,10,off-peak
5,3,11,Royapuram Signal,332,48.0,23.6,8,off-peak
5,4,0,Anna Salai & Nungambakkam High Rd,597,55.3,22.9,14,off-peak
5,4,1,Kathipara Junction,736,45.5,40.8,18,off-peak
5,4,2,Koyambedu Junction,533,53.7,30.6,13,off-peak
5,4,3,Vadapalani Signal,484,52.3,20.4,12,off-peak
5,4,4,T.Nagar Pondy Bazaar,566,47.3,19.0,14,off-peak
5,4,5,Guindy Industrial Estate,458,54.4,19.4,11,off-peak
5,4,6,Adyar Signal,474,49.7,25.3,11,off-peak
5,4,7,Tambaram Signal,376,49.8,24.1,9,off-peak
5,4,8,Chromepet Junction,382,58.4,19.3,9,off-peak
5,4,9,Velachery Signal,474,54.2,26.9,11,off-peak
5,4,10,Perambur Signal,441,54.8,18.8,11,off-peak
5,4,11,Royapuram Signal,344,52.6,10.7,8,off-peak
5,5,0,Anna Salai & Nungambakkam High Rd,543,53.1,28.3,13,off-peak
5,5,1,Kathipara Junction,588,43.6,37.7,14,off-peak
5,5,2,Koyambedu Junction,610,45.9,29.1,15,off-peak
5,5,3,Vadapalani Signal,428,55.7,19.4,10,off-peak
5,5,4,T.Nagar Pondy Bazaar,658,47.0,40.0,16,off-peak
5,5,5,Guindy Industrial Estate,437,53.8,25.4,10,off-peak
5,5,6,Adyar Signal,485,51.3,23.1,12,off-peak
5,5,7,Tambaram Signal,456,48.2,22.8,11,off-peak
5,5,8,Chromepet Junction,384,53.5,17.1,9,off-peak
5,5,9,Velachery Signal,525,49.0,18.3,13,off-peak
5,5,10,Perambur Signal,417,48.4,12.2,10,off-peak
5,5,11,Royapuram Signal,351,54.4,20.2,8,off-peak
5,6,0,Anna Salai & Nungambakkam High Rd,1450,25.2,65.7,36,off-peak
5,6,1,Kathipara Junction,1910,18.7,98.6,47,off-peak
5,6,2,Koyambedu Junction,1453,31.2,69.5,36,off-peak
5,6,3,Vadapalani Signal,1269,35.0,61.2,31,off-peak
5,6,4,T.Nagar Pondy Bazaar,1360,33.6,61.9,34,off-peak
5,6,5,Guindy Industrial Estate,1109,45.7,62.2,27,off-peak
5,6,6,Adyar Signal,1221,35.3,51.4,30,off-peak
5,6,7,Tambaram Signal,885,46.1,40.3,22,off-peak
5,6,8,Chromepet Junction,906,41.4,40.0,22,off-peak
5,6,9,Velachery Signal,1156,36.7,53.3,28,off-peak
5,6,10,Perambur Signal,980,38.1,51.6,24,off-peak
5,6,11,Royapuram Signal,853,42.4,45.6,21,off-peak
5,7,0,Anna Salai & Nungambakkam High Rd,3017,5.0,153.2,75,peak
5,7,1,Kathipara Junction,4171,5.0,209.0,104,peak
5,7,2,Koyambedu Junction,3305,5.0,169.1,82,peak
5,7,3,Vadapalani Signal,2600,9.4,131.4,65,peak
5,7,4,T.Nagar Pondy Bazaar,3378,5.0,173.6,84,peak
5,7,5,Guindy Industrial Estate,2270,14.3,120.4,56,peak
5,7,6,Adyar Signal,2383,14.2,120.6,59,peak
5,7,7,Tambaram Signal,1951,18.8,101.1,48,peak
5,7,8,Chromepet Junction,2231,14.3,111.9,55,peak
5,7,9,Velachery Signal,2638,5.8,139.6,65,peak
5,7,10,Perambur Signal,1972,19.1,90.7,49,peak
5,7,11,Royapuram Signal,1503,24.8,78.3,37,peak
5,8,0,Anna Salai & Nungambakkam High Rd,3736,5.0,178.5,93,peak
5,8,1,Kathipara Junction,4245,5.0,218.7,106,peak
5,8,2,Koyambedu Junction,3446,5.0,171.4,86,peak
5,8,3,Vadapalani Signal,2663,6.1,130.7,66,peak
5,8,4,T.Nagar Pondy Bazaar,3312,5.0,167.6,82,peak
5,8,5,Guindy Industrial Estate,1813,22.4,94.4,45,peak
5,8,6,Adyar Signal,2397,13.8,119.5,59,peak
5,8,7,Tambaram Signal,2093,20.9,106.9,52,peak
5,8,8,Chromepet Junction,1952,23.2,95.4,48,peak
5,8,9,Velachery Signal,2441,12.4,124.8,61,peak
5,8,10,Perambur Signal,2266,11.9,108.8,56,peak
5,8,11,Royapuram Signal,1659,26.6,73.5,41,peak
5,9,0,Anna Salai & Nungambakkam High Rd,3144,5.0,152.5,78,peak
5,9,1,Kathipara Junction,4388,5.0,213.3,109,peak
5,9,2,Koyambedu Junction,3433,5.0,180.6,85,peak
5,9,3,Vadapalani Signal,2411,10.3,128.3,60,peak
5,9,4,T.Nagar Pondy Bazaar,3265,5.0,155.9,81,peak
5,9,5,Guindy Industrial Estate,2087,13.3,99.1,52,peak
5,9,6,Adyar Signal,2497,9.9,123.3,62,peak
5,9,7,Tambaram Signal,1799,23.4,91.5,44,peak
5,9,8,Chromepet Junction,1960,12.9,93.8,49,peak
5,9,9,Velachery Signal,2770,5.0,140.5,69,peak
5,9,10,Perambur Signal,2129,16.5,103.8,53,peak
5,9,11,Royapuram Signal,1569,32.1,74.8,39,peak
5,10,0,Anna Salai & Nungambakkam High Rd,1380,33.0,76.8,34,off-peak
5,10,1,Kathipara Junction,1610,30.7,86.7,40,off-peak
5,10,2,Koyambedu Junction,1529,28.8,74.8,38,off-peak
5,10,3,Vadapalani Signal,1190,38.8,60.7,29,off-peak
5,10,4,T.Nagar Pondy Bazaar,1512,26.4,70.8,37,off-peak
5,10,5,Guindy Industrial Estate,1256,34.3,58.9,31,off-peak
5,10,6,Adyar Signal,1287,35.1,67.2,32,off-peak
5,10,7,Tambaram Signal,979,39.5,48.1,24,off-peak
5,10,8,Chromepet Junction,853,42.7,44.1,21,off-peak
5,10,9,Velachery Signal,1472,30.8,61.9,36,off-peak
5,10,10,Perambur Signal,1034,47.5,56.0,25,off-peak
5,10,11,Royapuram Signal,813,45.5,36.9,20,off-peak
5,11,0,Anna Salai & Nungambakkam High Rd,1237,34.2,62.3,30,off-peak
5,11,1,Kathipara Junction,1402,28.5,70.2,35,off-peak
5,11,2,Koyambedu Junction,1487,31.4,68.3,37,off-peak
5,11,3,Vadapalani Signal,1284,30.8,72.4,32,off-peak
5,11,4,T.Nagar Pondy Bazaar,1281,31.1,66.1,32,off-peak
5,11,5,Guindy Industrial Estate,1215,36.6,63.6,30,off-peak
5,11,6,Adyar Signal,1156,33.8,55.3,28,off-peak
5,11,7,Tambaram Signal,894,38.3,46.7,22,off-peak
5,11,8,Chromepet Junction,873,43.5,37.1,21,off-peak
5,11,9,Velachery Signal,1312,32.3,72.6,32,off-peak
5,11,10,Perambur Signal,1069,42.3,49.7,26,off-peak
5,11,11,Royapuram Signal,873,39.6,41.6,21,off-peak
5,12,0,Anna Salai & Nungambakkam High Rd,2082,16.2,98.0,52,off-peak
5,12,1,Kathipara Junction,2243,8.1,106.9,56,off-peak
5,12,2,Koyambedu Junction,2475,5.7,116.9,61,off-peak
5,12,3,Vadapalani Signal,2129,15.5,108.1,53,off-peak
5,12,4,T.Nagar Pondy Bazaar,2394,14.1,112.1,59,off-peak
5,12,5,Guindy Industrial Estate,1614,22.9,92.9,40,off-peak
5,12,6,Adyar Signal,1545,26.0,72.0,38,off-peak
5,12,7,Tambaram Signal,1336,37.3,78.9,33,off-peak
5,12,8,Chromepet Junction,1415,27.7,59.6,35,off-peak
5,12,9,Velachery Signal,1928,20.5,93.1,48,off-peak
5,12,10,Perambur Signal,1626,28.7,82.9,40,off-peak
5,12,11,Royapuram Signal,1300,30.7,68.3,32,off-peak
5,13,0,Anna Salai & Nungambakkam High Rd,2129,20.1,110.4,53,off-peak
5,13,1,Kathipara Junction,2242,10.9,108.3,56,off-peak
5,13,2,Koyambedu Junction,2158,19.1,109.7,53,off-peak
5,13,3,Vadapalani Signal,2026,20.7,102.3,50,off-peak
5,13,4,T.Nagar Pondy Bazaar,2495,11.5,125.1,62,off-peak
5,13,5,Guindy Industrial Estate,1839,23.6,90.4,45,off-peak
5,13,6,Adyar Signal,1652,29.1,88.8,41,off-peak
5,13,7,Tambaram Signal,1511,33.7,65.7,37,off-peak
5,13,8,Chromepet Junction,1465,30.6,69.6,36,off-peak
5,13,9,Velachery Signal,2341,13.0,115.0,58,off-peak
5,13,10,Perambur Signal,1601,22.0,76.3,40,off-peak
5,13,11,Royapuram Signal,1438,29.4,67.8,35,off-peak
5,14,0,Anna Salai & Nungambakkam High Rd,1532,33.4,79.2,38,off-peak
5,14,1,Kathipara Junction,1589,27.5,75.4,39,off-peak
5,14,2,Koyambedu Junction,1415,28.6,67.7,35,off-peak
5,14,3,Vadapalani Signal,1114,33.0,56.8,27,off-peak
5,14,4,T.Nagar Pondy Bazaar,1512,34.9,72.3,37,off-peak
5,14,5,Guindy Industrial Estate,1097,39.0,53.6,27,off-peak
5,14,6,Adyar Signal,1223,37.9,62.8,30,off-peak
5,14,7,Tambaram Signal,969,39.5,41.6,24,off-peak
5,14,8,Chromepet Junction,898,40.2,39.3,22,off-peak
5,14,9,Velachery Signal,1327,37.0,61.8,33,off-peak
5,14,10,Perambur Signal,1066,35.6,51.8,26,off-peak
5,14,11,Royapuram Signal,821,45.4,37.7,20,off-peak
5,15,0,Anna Salai & Nungambakkam High Rd,1499,29.3,71.7,37,off-peak
5,15,1,Kathipara Junction,1484,31.1,78.7,37,off-peak
5,15,2,Koyambedu Junction,1571,35.3,85.7,39,off-peak
5,15,3,Vadapalani Signal,1185,35.3,61.6,29,off-peak
5,15,4,T.Nagar Pondy Bazaar,1385,35.8,71.1,34,off-peak
5,15,5,Guindy Industrial Estate,1094,40.2,63.3,27,off-peak
5,15,6,Adyar Signal,1170,36.3,66.0,29,off-peak
5,15,7,Tambaram Signal,1066,37.7,53.3,26,off-peak
5,15,8,Chromepet Junction,975,41.6,42.0,24,off-peak
5,15,9,Velachery Signal,1124,34.9,51.4,28,off-peak
5,15,10,Perambur Signal,988,42.1,48.6,24,off-peak
5,15,11,Royapuram Signal,883,38.7,41.8,22,off-peak
5,16,0,Anna Salai & Nungambakkam High Rd,1452,32.7,69.0,36,off-peak
5,16,1,Kathipara Junction,1671,33.2,83.5,41,off-peak
5,16,2,Koyambedu Junction,1452,30.4,73.1,36,off-peak
5,16,3,Vadapalani Signal,1200,35.9,52.8,30,off-peak
5,16,4,T.Nagar Pondy Bazaar,1370,32.2,67.7,34,off-peak
5,16,5,Guindy Industrial Estate,1023,39.0,51.5,25,off-peak
5,16,6,Adyar Signal,1237,35.0,63.8,30,off-peak
5,16,7,Tambaram Signal,947,42.8,49.2,23,off-peak
5,16,8,Chromepet Junction,1026,41.6,54.2,25,off-peak
5,16,9,Velachery Signal,1272,35.3,68.9,31,off-peak
5,16,10,Perambur Signal,988,38.4,50.3,24,off-peak
5,16,11,Royapuram Signal,898,39.6,44.5,22,off-peak
5,17,0,Anna Salai & Nungambakkam High Rd,3029,5.0,150.4,75,peak
5,17,1,Kathipara Junction,3910,5.0,202.6,97,peak
5,17,2,Koyambedu Junction,3183,5.0,146.1,79,peak
5,17,3,Vadapalani Signal,2414,10.5,118.2,60,peak
5,17,4,T.Nagar Pondy Bazaar,3664,5.0,183.6,91,peak
5,17,5,Guindy Industrial Estate,2053,22.0,102.6,51,peak
5,17,6,Adyar Signal,2187,11.1,107.1,54,peak
5,17,7,Tambaram Signal,2029,26.2,101.8,50,peak
5,17,8,Chromepet Junction,1706,22.3,88.1,42,peak
5,17,9,Velachery Signal,2349,14.7,121.5,58,peak
5,17,10,Perambur Signal,2157,16.2,110.7,53,peak
5,17,11,Royapuram Signal,1622,25.2,90.4,40,peak
5,18,0,Anna Salai & Nungambakkam High Rd,2966,5.0,136.2,74,peak
5,18,1,Kathipara Junction,4364,5.0,218.3,109,peak
5,18,2,Koyambedu Junction,3683,5.0,180.9,92,peak
5,18,3,Vadapalani Signal,2620,5.2,128.0,65,peak
5,18,4,T.Nagar Pondy Bazaar,3669,5.0,179.9,91,peak
5,18,5,Guindy Industrial Estate,1992,18.2,103.3,49,peak
5,18,6,Adyar Signal,2153,18.0,111.4,53,peak
5,18,7,Tambaram Signal,1900,25.0,93.5,47,peak
5,18,8,Chromepet Junction,1786,21.3,94.4,44,peak
5,18,9,Velachery Signal,2568,9.7,128.0,64,peak
5,18,10,Perambur Signal,1909,20.0,102.4,47,peak
5,18,11,Royapuram Signal,1626,24.5,82.8,40,peak
5,19,0,Anna Salai & Nungambakkam High Rd,3016,10.0,152.2,75,peak
5,19,1,Kathipara Junction,3839,5.0,182.7,95,peak
5,19,2,Koyambedu Junction,3552,5.0,177.0,88,peak
5,19,3,Vadapalani Signal,2162,15.6,115.4,54,peak
5,19,4,T.Nagar Pondy Bazaar,3467,5.0,169.9,86,peak
5,19,5,Guindy Industrial Estate,2021,20.7,107.7,50,peak
5,19,6,Adyar Signal,2537,10.6,120.2,63,peak
5,19,7,Tambaram Signal,1710,27.4,78.8,42,peak
5,19,8,Chromepet Junction,1784,25.2,83.5,44,peak
5,19,9,Velachery Signal,2511,9.5,128.1,62,peak
5,19,10,Perambur Signal,2262,16.6,113.5,56,peak
5,19,11,Royapuram Signal,1505,26.7,72.7,37,peak
5,20,0,Anna Salai & Nungambakkam High Rd,1433,32.3,61.2,35,off-peak
5,20,1,Kathipara Junction,1546,32.7,77.7,38,off-peak
5,20,2,Koyambedu Junction,1363,39.8,68.0,34,off-peak
5,20,3,Vadapalani Signal,1252,36.2,60.8,31,off-peak
5,20,4,T.Nagar Pondy Bazaar,1398,38.4,74.9,34,off-peak
5,20,5,Guindy Industrial Estate,1143,38.9,52.1,28,off-peak
5,20,6,Adyar Signal,1273,32.0,65.1,31,off-peak
5,20,7,Tambaram Signal,860,36.7,44.6,21,off-peak
5,20,8,Chromepet Junction,897,36.1,47.6,22,off-peak
5,20,9,Velachery Signal,1500,34.2,73.7,37,off-peak
5,20,10,Perambur Signal,1043,41.8,57.8,26,off-peak
5,20,11,Royapuram Signal,846,43.2,43.8,21,off-peak
5,21,0,Anna Salai & Nungambakkam High Rd,1448,30.6,71.8,36,off-peak
5,21,1,Kathipara Junction,1832,27.0,94.0,45,off-peak
5,21,2,Koyambedu Junction,1748,23.9,95.5,43,off-peak
5,21,3,Vadapalani Signal,1267,44.5,57.4,31,off-peak
5,21,4,T.Nagar Pondy Bazaar,1403,33.2,72.1,35,off-peak
5,21,5,Guindy Industrial Estate,1239,33.2,66.5,30,off-peak
5,21,6,Adyar Signal,1262,36.9,58.3,31,off-peak
5,21,7,Tambaram Signal,1101,41.7,58.0,27,off-peak
5,21,8,Chromepet Junction,975,41.2,48.4,24,off-peak
5,21,9,Velachery Signal,1348,33.1,63.2,33,off-peak
5,21,10,Perambur Signal,955,38.6,48.9,23,off-peak
5,21,11,Royapuram Signal,868,43.3,45.9,21,off-peak
5,22,0,Anna Salai & Nungambakkam High Rd,1317,38.1,64.5,32,off-peak
5,22,1,Kathipara Junction,1592,29.6,70.4,39,off-peak
5,22,2,Koyambedu Junction,1440,34.1,63.3,36,off-peak
5,22,3,Vadapalani Signal,1323,38.1,64.3,33,off-peak
5,22,4,T.Nagar Pondy Bazaar,1519,33.0,73.6,37,off-peak
5,22,5,Guindy Industrial Estate,1146,35.1,54.9,28,off-peak
5,22,6,Adyar Signal,1081,39.4,59.8,27,off-peak
5,22,7,Tambaram Signal,975,36.7,43.3,24,off-peak
5,22,8,Chromepet Junction,990,45.7,51.5,24,off-peak
5,22,9,Velachery Signal,1242,37.5,60.9,31,off-peak
5,22,10,Perambur Signal,1010,36.9,57.5,25,off-peak
5,22,11,Royapuram Signal,693,48.5,32.3,17,off-peak
5,23,0,Anna Salai & Nungambakkam High Rd,1341,38.3,63.5,33,off-peak
5,23,1,Kathipara Junction,1560,28.4,80.1,39,off-peak
5,23,2,Koyambedu Junction,1483,25.6,69.8,37,off-peak
5,23,3,Vadapalani Signal,1339,33.4,69.2,33,off-peak
5,23,4,T.Nagar Pondy Bazaar,1453,29.0,81.0,36,off-peak
5,23,5,Guindy Industrial Estate,1056,37.5,58.3,26,off-peak
5,23,6,Adyar Signal,1088,36.5,54.5,27,off-peak
5,23,7,Tambaram Signal,990,41.0,60.0,24,off-peak
5,23,8,Chromepet Junction,985,33.2,50.9,24,off-peak
5,23,9,Velachery Signal,1286,34.4,65.5,32,off-peak
5,23,10,Perambur Signal,1040,39.0,55.1,26,off-peak
5,23,11,Royapuram Signal,832,40.5,56.7,20,off-peak
